GID_3,populasi
IDN.1.2.1_1,4855
IDN.1.2.2_1,4696
IDN.1.2.3_1,45235
IDN.1.2.4_1,11245
IDN.1.2.5_1,21090
IDN.1.2.6_1,6882
IDN.1.2.7_1,2416
IDN.1.2.8_1,8845
IDN.1.2.9_1,2661
IDN.1.2.12_1,10283
IDN.1.2.10_1,1719
IDN.1.2.11_1,2275
IDN.1.1.1_1,11031
IDN.1.1.2_1,16868
IDN.1.1.3_1,5108
IDN.1.1.4_1,11758
IDN.1.1.5_1,12650
IDN.1.1.6_1,17477
IDN.1.1.7_1,5134
IDN.1.1.8_1,21987
IDN.1.1.9_1,5691
IDN.1.3.1_1,17401
IDN.1.3.2_1,20099
IDN.1.3.3_1,33595
IDN.1.3.4_1,9780
IDN.1.3.5_1,33477
IDN.1.3.6_1,33236
IDN.1.3.7_1,39759
IDN.1.3.8_1,11208
IDN.1.3.9_1,10484
IDN.1.3.10_1,29964
IDN.1.3.11_1,19999
IDN.1.3.12_1,8254
IDN.1.3.13_1,8421
IDN.1.3.14_1,5794
IDN.1.3.15_1,22888
IDN.1.3.16_1,13818
IDN.1.3.17_1,79878
IDN.1.3.18_1,21752
IDN.1.3.19_1,18346
IDN.1.3.20_1,5896
IDN.1.3.21_1,73519
IDN.1.3.22_1,7972
IDN.1.3.23_1,14568
IDN.1.4.1_1,23165
IDN.1.4.2_1,14459
IDN.1.4.3_1,3556
IDN.1.4.4_1,9698
IDN.1.4.5_1,5675
IDN.1.4.6_1,11123
IDN.1.5.2_1,8663
IDN.1.5.1_1,3294
IDN.1.5.3_1,17924
IDN.1.5.4_1,12401
IDN.1.5.5_1,11263
IDN.1.5.6_1,34554
IDN.1.5.9_1,7243
IDN.1.5.7_1,5738
IDN.1.5.8_1,4562
IDN.1.5.10_1,17588
IDN.1.5.11_1,18577
IDN.1.5.12_1,16206
IDN.1.5.13_1,15107
IDN.1.5.14_1,24242
IDN.1.5.16_1,11274
IDN.1.5.15_1,11326
IDN.1.6.1_1,3720
IDN.1.6.2_1,52566
IDN.1.6.3_1,7357
IDN.1.6.4_1,1317
IDN.1.6.5_1,2200
IDN.1.6.6_1,7808
IDN.1.6.8_1,37211
IDN.1.6.7_1,27097
IDN.1.6.9_1,4818
IDN.1.6.10_1,3511
IDN.1.7.1_1,8468
IDN.1.7.2_1,6000
IDN.1.7.3_1,18255
IDN.1.7.4_1,57071
IDN.1.7.5_1,24818
IDN.1.7.6_1,8332
IDN.1.7.7_1,18991
IDN.1.7.8_1,45380
IDN.1.7.9_1,3803
IDN.1.7.10_1,24166
IDN.1.7.11_1,12085
IDN.1.7.12_1,5370
IDN.1.8.1_1,5689
IDN.1.8.2_1,31048
IDN.1.8.3_1,6724
IDN.1.8.4_1,25949
IDN.1.8.5_1,7049
IDN.1.8.6_1,93
IDN.1.8.7_1,11022
IDN.1.8.8_1,10943
IDN.1.8.9_1,9138
IDN.1.8.10_1,1441
IDN.1.8.11_1,19504
IDN.1.8.12_1,23788
IDN.1.8.13_1,16168
IDN.1.8.14_1,3545
IDN.1.8.15_1,30586
IDN.1.9.1_1,19303
IDN.1.9.2_1,10339
IDN.1.9.3_1,43185
IDN.1.9.4_1,19761
IDN.1.9.5_1,16977
IDN.1.9.6_1,9373
IDN.1.9.7_1,9444
IDN.1.9.8_1,6353
IDN.1.9.9_1,7198
IDN.1.9.10_1,1580
IDN.1.9.11_1,12844
IDN.1.9.12_1,27889
IDN.1.9.13_1,21014
IDN.1.9.14_1,7388
IDN.1.9.15_1,8542
IDN.1.9.16_1,2219
IDN.1.10.1_1,2566
IDN.1.10.2_1,19480
IDN.1.10.3_1,10165
IDN.1.10.4_1,752
IDN.1.10.5_1,4202
IDN.1.10.6_1,42871
IDN.1.10.7_1,8198
IDN.1.10.8_1,6765
IDN.1.10.9_1,8006
IDN.1.10.10_1,16431
IDN.1.10.11_1,15625
IDN.1.10.12_1,6609
IDN.1.10.13_1,24914
IDN.1.10.14_1,8201
IDN.1.10.15_1,3472
IDN.1.10.18_1,37340
IDN.1.10.16_1,10904
IDN.1.10.17_1,8384
IDN.1.10.19_1,19276
IDN.1.10.20_1,10859
IDN.1.10.21_1,8841
IDN.1.10.22_1,2753
IDN.1.10.23_1,34862
IDN.1.10.24_1,6206
IDN.1.11.2_1,33979
IDN.1.11.1_1,16598
IDN.1.11.3_1,6389
IDN.1.11.4_1,8312
IDN.1.11.5_1,53414
IDN.1.11.6_1,875
IDN.1.11.7_1,5634
IDN.1.11.8_1,16606
IDN.1.11.9_1,7118
IDN.1.11.10_1,46325
IDN.1.11.11_1,39032
IDN.1.11.12_1,13526
IDN.1.11.13_1,49969
IDN.1.11.14_1,23241
IDN.1.11.16_1,7158
IDN.1.11.15_1,4233
IDN.1.11.17_1,13763
IDN.1.11.18_1,1638
IDN.1.11.19_1,42523
IDN.1.11.20_1,21553
IDN.1.11.21_1,19421
IDN.1.11.22_1,2689
IDN.1.11.23_1,41595
IDN.1.11.24_1,28091
IDN.1.11.25_1,30311
IDN.1.11.26_1,50096
IDN.1.11.27_1,8200
IDN.1.12.1_1,15430
IDN.1.12.2_1,15527
IDN.1.12.3_1,14146
IDN.1.12.4_1,18606
IDN.1.12.5_1,5530
IDN.1.12.6_1,13016
IDN.1.12.7_1,12481
IDN.1.12.8_1,16469
IDN.1.12.9_1,13750
IDN.1.13.1_1,27138
IDN.1.13.2_1,55145
IDN.1.13.3_1,11918
IDN.1.13.4_1,3681
IDN.1.13.5_1,6541
IDN.1.13.6_1,12264
IDN.1.13.7_1,20011
IDN.1.14.1_1,30117
IDN.1.14.2_1,9479
IDN.1.14.3_1,28486
IDN.1.14.4_1,38417
IDN.1.14.5_1,36820
IDN.1.14.6_1,46759
IDN.1.14.7_1,16002
IDN.1.14.8_1,29416
IDN.1.14.9_1,5746
IDN.1.14.10_1,18638
IDN.1.14.11_1,24865
IDN.1.14.12_1,32263
IDN.1.14.15_1,37736
IDN.1.14.13_1,5169
IDN.1.14.14_1,4858
IDN.1.14.16_1,33348
IDN.1.14.17_1,41952
IDN.1.15.1_1,6735
IDN.1.15.2_1,2822
IDN.1.15.3_1,29388
IDN.1.15.4_1,12654
IDN.1.15.5_1,17844
IDN.1.15.6_1,4288
IDN.1.15.7_1,4094
IDN.1.15.8_1,1432
IDN.1.15.9_1,12066
IDN.1.15.10_1,4235
IDN.1.15.11_1,3479
IDN.1.16.1_1,39033
IDN.1.16.2_1,67288
IDN.1.16.3_1,31374
IDN.1.16.4_1,37717
IDN.1.16.5_1,16025
IDN.1.17.1_1,30883
IDN.1.17.2_1,33424
IDN.1.17.3_1,33059
IDN.1.17.4_1,43818
IDN.1.18.1_1,15502
IDN.1.18.2_1,36152
IDN.1.18.4_1,22592
IDN.1.18.3_1,17528
IDN.1.18.6_1,27145
IDN.1.18.5_1,17988
IDN.1.18.7_1,22034
IDN.1.18.8_1,4053
IDN.1.20.1_1,12881
IDN.1.20.2_1,11837
IDN.1.20.3_1,5588
IDN.1.20.4_1,6744
IDN.1.20.5_1,18012
IDN.1.20.6_1,7026
IDN.1.20.7_1,19980
IDN.1.20.8_1,17279
IDN.1.20.9_1,15258
IDN.1.20.10_1,10229
IDN.1.20.11_1,2598
IDN.1.20.12_1,6820
IDN.1.20.13_1,38371
IDN.1.20.15_1,16373
IDN.1.20.14_1,25551
IDN.1.20.16_1,22273
IDN.1.20.17_1,21047
IDN.1.20.18_1,37964
IDN.1.20.19_1,30482
IDN.1.20.20_1,22394
IDN.1.20.21_1,16123
IDN.1.20.22_1,12680
IDN.1.20.23_1,6034
IDN.1.19.1_1,25047
IDN.1.19.2_1,38725
IDN.1.19.3_1,11520
IDN.1.19.4_1,11267
IDN.1.19.5_1,24001
IDN.1.19.6_1,8578
IDN.1.19.7_1,21678
IDN.1.19.8_1,13321
IDN.1.21.1_1,27545
IDN.1.21.2_1,11903
IDN.1.22.1_1,6373
IDN.1.22.2_1,10195
IDN.1.22.3_1,13313
IDN.1.22.4_1,16435
IDN.1.22.5_1,42929
IDN.1.22.6_1,5425
IDN.1.22.7_1,10288
IDN.1.22.8_1,7420
IDN.1.23.1_1,1703
IDN.1.23.2_1,11738
IDN.1.23.3_1,15629
IDN.1.23.4_1,43140
IDN.1.23.5_1,12665
IDN.2.1.1_1,140476
IDN.2.1.4_1,135087
IDN.2.1.2_1,240768
IDN.2.1.3_1,157686
IDN.2.1.5_1,196023
IDN.2.1.6_1,18088
IDN.2.2.1_1,30054
IDN.2.2.2_1,169525
IDN.2.2.3_1,32679
IDN.2.2.4_1,8074
IDN.2.3.1_1,36745
IDN.2.3.2_1,193158
IDN.2.3.3_1,33762
IDN.2.3.4_1,91527
IDN.2.3.5_1,53470
IDN.2.3.6_1,78713
IDN.2.3.7_1,62714
IDN.2.3.8_1,84670
IDN.2.3.9_1,50486
IDN.2.4.1_1,266070
IDN.2.4.2_1,370904
IDN.2.4.3_1,233910
IDN.2.4.4_1,239403
IDN.2.5.1_1,85252
IDN.2.5.2_1,104604
IDN.2.5.3_1,25449
IDN.2.5.4_1,154728
IDN.2.5.5_1,44026
IDN.2.5.6_1,45642
IDN.2.5.7_1,114689
IDN.2.6.1_1,58438
IDN.2.6.2_1,71401
IDN.2.6.3_1,3364
IDN.2.6.4_1,40580
IDN.2.6.5_1,87983
IDN.2.6.6_1,30039
IDN.2.7.1_1,58378
IDN.2.7.2_1,15333
IDN.2.7.3_1,76027
IDN.2.7.4_1,232635
IDN.2.7.5_1,16259
IDN.2.7.6_1,14472
IDN.2.7.7_1,11817
IDN.2.7.8_1,10465
IDN.2.8.1_1,22017
IDN.2.8.2_1,3868
IDN.2.8.3_1,15117
IDN.2.8.4_1,34614
IDN.2.8.5_1,115276
IDN.2.9.1_1,72721
IDN.2.9.2_1,106573
IDN.2.9.3_1,43695
IDN.2.9.4_1,55325
IDN.2.9.5_1,41602
IDN.2.9.6_1,18498
IDN.2.9.9_1,21109
IDN.2.9.7_1,11982
IDN.2.9.8_1,21884
IDN.2.9.10_1,79399
IDN.3.4.1_1,30000
IDN.3.4.2_1,48528
IDN.3.4.3_1,37558
IDN.3.4.4_1,35361
IDN.3.4.5_1,17429
IDN.3.4.6_1,28649
IDN.3.4.7_1,35940
IDN.3.4.8_1,95471
IDN.3.1.1_1,27231
IDN.3.1.2_1,79158
IDN.3.1.3_1,21652
IDN.3.1.4_1,23418
IDN.3.1.5_1,57298
IDN.3.2.1_1,46171
IDN.3.2.2_1,8295
IDN.3.2.3_1,37017
IDN.3.2.4_1,5640
IDN.3.2.5_1,48476
IDN.3.2.6_1,66642
IDN.3.2.7_1,15603
IDN.3.3.1_1,76756
IDN.3.3.2_1,52111
IDN.3.3.3_1,22485
IDN.3.3.4_1,71543
IDN.3.3.5_1,38264
IDN.3.3.6_1,56695
IDN.3.6.1_1,20301
IDN.3.6.2_1,52300
IDN.3.6.3_1,3021
IDN.3.6.4_1,37970
IDN.3.6.5_1,84399
IDN.3.5.1_1,10664
IDN.3.5.2_1,10619
IDN.3.5.3_1,32710
IDN.3.5.4_1,23205
IDN.3.5.5_1,31959
IDN.3.5.6_1,14268
IDN.3.5.7_1,13994
IDN.3.7.1_1,91372
IDN.3.7.2_1,40320
IDN.3.7.3_1,61921
IDN.3.7.4_1,34765
IDN.3.7.5_1,13381
IDN.4.1.1_1,61401
IDN.4.1.2_1,30992
IDN.4.1.3_1,86009
IDN.4.1.4_1,99188
IDN.4.1.5_1,52332
IDN.4.1.6_1,42840
IDN.4.1.7_1,37169
IDN.4.1.8_1,51546
IDN.4.2.1_1,108963
IDN.4.2.2_1,55743
IDN.4.2.3_1,107579
IDN.4.2.4_1,220350
IDN.4.2.5_1,111540
IDN.4.2.6_1,72240
IDN.4.3.1_1,132085
IDN.4.3.2_1,353599
IDN.4.3.3_1,127773
IDN.4.3.4_1,132659
IDN.4.3.5_1,231937
IDN.4.3.6_1,155266
IDN.4.3.7_1,144464
IDN.4.3.8_1,188111
IDN.4.3.9_1,105620
IDN.4.3.10_1,163580
IDN.4.3.11_1,139700
IDN.4.3.12_1,269379
IDN.4.3.13_1,205171
IDN.4.4.1_1,35989
IDN.4.4.2_1,97697
IDN.4.4.3_1,9946
IDN.4.4.4_1,77838
IDN.4.4.5_1,55170
IDN.4.4.6_1,8898
IDN.4.4.7_1,20796
IDN.4.4.8_1,19006
IDN.4.4.9_1,14058
IDN.4.4.10_1,16277
IDN.4.4.11_1,18401
IDN.4.4.12_1,33936
IDN.4.4.13_1,50070
IDN.4.4.14_1,7959
IDN.4.4.15_1,28322
IDN.4.4.16_1,17176
IDN.4.4.17_1,43126
IDN.4.4.18_1,15429
IDN.4.4.19_1,29434
IDN.4.4.20_1,29838
IDN.4.4.21_1,145316
IDN.4.4.22_1,23555
IDN.4.4.23_1,40974
IDN.4.4.24_1,174145
IDN.4.4.25_1,43365
IDN.4.4.26_1,20633
IDN.4.4.27_1,286553
IDN.4.4.28_1,87592
IDN.4.5.1_1,14693
IDN.4.5.2_1,43215
IDN.4.5.3_1,9831
IDN.4.5.4_1,23291
IDN.4.5.5_1,29261
IDN.4.5.6_1,11400
IDN.4.5.7_1,3452
IDN.4.5.8_1,9253
IDN.4.5.9_1,16486
IDN.4.5.10_1,198109
IDN.4.5.11_1,30991
IDN.4.5.12_1,61631
IDN.4.5.13_1,43856
IDN.4.5.14_1,12906
IDN.4.5.15_1,14244
IDN.4.5.16_1,59156
IDN.4.5.17_1,57652
IDN.4.5.18_1,19324
IDN.4.5.19_1,41488
IDN.4.5.20_1,60419
IDN.4.5.21_1,40906
IDN.4.5.22_1,15374
IDN.4.5.23_1,32679
IDN.4.5.24_1,19172
IDN.4.5.25_1,25605
IDN.4.5.26_1,66073
IDN.4.5.27_1,90580
IDN.4.5.28_1,23525
IDN.4.5.29_1,14653
IDN.4.5.30_1,14220
IDN.4.5.31_1,34640
IDN.4.5.32_1,11169
IDN.4.5.33_1,36607
IDN.4.5.34_1,52476
IDN.4.5.35_1,26187
IDN.4.6.1_1,36972
IDN.4.6.2_1,22191
IDN.4.6.3_1,22318
IDN.4.6.4_1,49086
IDN.4.6.5_1,64829
IDN.4.6.6_1,69278
IDN.4.6.7_1,157086
IDN.4.6.8_1,56993
IDN.4.6.9_1,20214
IDN.4.6.10_1,19924
IDN.4.6.11_1,117104
IDN.4.6.12_1,11285
IDN.4.6.13_1,68598
IDN.4.6.14_1,110608
IDN.4.6.15_1,29006
IDN.4.6.16_1,124869
IDN.4.6.17_1,148453
IDN.4.6.18_1,14598
IDN.4.6.19_1,35744
IDN.4.6.20_1,22897
IDN.4.6.21_1,40805
IDN.4.6.22_1,21500
IDN.4.6.23_1,103833
IDN.4.6.24_1,82657
IDN.4.6.25_1,83063
IDN.4.6.26_1,64470
IDN.4.6.27_1,34501
IDN.4.6.28_1,29669
IDN.4.8.1_1,178968
IDN.4.8.2_1,373336
IDN.4.8.3_1,125895
IDN.4.8.4_1,54555
IDN.4.8.5_1,246324
IDN.4.8.6_1,43822
IDN.4.8.7_1,94766
IDN.4.8.8_1,63259
IDN.4.8.9_1,242772
IDN.4.8.10_1,82533
IDN.4.8.11_1,142371
IDN.4.8.12_1,73871
IDN.4.8.13_1,104340
IDN.4.8.14_1,202558
IDN.4.8.15_1,201009
IDN.4.8.16_1,69731
IDN.4.8.17_1,277583
IDN.4.8.18_1,212922
IDN.4.8.19_1,209039
IDN.4.8.20_1,236543
IDN.4.8.21_1,273176
IDN.4.8.23_1,141248
IDN.4.8.22_1,105085
IDN.4.8.24_1,202350
IDN.4.8.25_1,59897
IDN.4.8.26_1,173065
IDN.4.8.27_1,70512
IDN.4.8.28_1,170835
IDN.4.8.29_1,241661
IDN.4.7.2_1,220698
IDN.4.7.1_1,207824
IDN.4.7.3_1,258148
IDN.4.7.4_1,356747
IDN.4.7.6_1,279911
IDN.4.7.5_1,271854
IDN.4.7.7_1,129664
IDN.5.4.1_1,78487
IDN.5.4.2_1,40162
IDN.5.4.3_1,51945
IDN.5.4.4_1,44555
IDN.5.4.5_1,19721
IDN.5.4.6_1,68604
IDN.5.4.7_1,31581
IDN.5.4.8_1,15686
IDN.5.1.1_1,8182
IDN.5.1.2_1,7021
IDN.5.1.4_1,13412
IDN.5.1.3_1,14717
IDN.5.1.5_1,36898
IDN.5.1.6_1,14271
IDN.5.1.7_1,15775
IDN.5.1.8_1,17487
IDN.5.1.9_1,15381
IDN.5.1.10_1,14323
IDN.5.1.11_1,6169
IDN.5.2.1_1,2728
IDN.5.2.2_1,16140
IDN.5.2.3_1,4571
IDN.5.2.4_1,2393
IDN.5.2.5_1,2905
IDN.5.2.6_1,1742
IDN.5.2.7_1,1684
IDN.5.2.8_1,39261
IDN.5.2.9_1,1735
IDN.5.2.10_1,11558
IDN.5.2.11_1,16017
IDN.5.3.1_1,14860
IDN.5.3.2_1,47980
IDN.5.3.3_1,58651
IDN.5.3.4_1,12607
IDN.5.3.5_1,23485
IDN.5.3.6_1,1235
IDN.5.3.7_1,1529
IDN.5.3.8_1,23573
IDN.5.3.9_1,28927
IDN.5.3.10_1,22171
IDN.5.3.11_1,12653
IDN.5.3.12_1,7944
IDN.5.3.13_1,17711
IDN.5.5.1_1,26066
IDN.5.5.2_1,4879
IDN.5.5.3_1,8066
IDN.5.5.4_1,7530
IDN.5.5.5_1,5351
IDN.5.5.6_1,5734
IDN.5.5.7_1,4227
IDN.5.5.8_1,8413
IDN.5.5.9_1,5152
IDN.5.5.10_1,4849
IDN.5.5.11_1,8325
IDN.5.5.12_1,8431
IDN.5.5.13_1,4883
IDN.5.5.14_1,17645
IDN.5.5.15_1,3971
IDN.5.6.1_1,11627
IDN.5.6.2_1,9846
IDN.5.6.3_1,57759
IDN.5.6.4_1,10562
IDN.5.6.5_1,9560
IDN.5.6.6_1,4176
IDN.5.6.7_1,10678
IDN.5.6.8_1,19721
IDN.5.7.1_1,13125
IDN.5.7.2_1,10275
IDN.5.7.3_1,8138
IDN.5.7.4_1,11154
IDN.5.7.5_1,12615
IDN.5.7.6_1,13896
IDN.5.7.7_1,11023
IDN.5.7.8_1,0
IDN.5.7.9_1,7867
IDN.5.7.10_1,6686
IDN.5.7.11_1,3759
IDN.5.7.12_1,2976
IDN.5.7.13_1,3915
IDN.5.8.1_1,6159
IDN.5.8.2_1,3520
IDN.5.8.3_1,2509
IDN.5.8.4_1,978
IDN.5.8.5_1,17170
IDN.5.8.6_1,39248
IDN.5.8.7_1,19166
IDN.5.8.8_1,2114
IDN.5.8.9_1,16729
IDN.5.8.10_1,21277
IDN.5.8.11_1,6228
IDN.5.8.12_1,1623
IDN.5.8.13_1,7431
IDN.5.8.14_1,9856
IDN.5.8.15_1,6390
IDN.5.8.16_1,10681
IDN.5.9.2_1,6990
IDN.5.9.1_1,7669
IDN.5.9.3_1,7578
IDN.5.9.8_1,21336
IDN.5.9.4_1,23170
IDN.5.9.5_1,28640
IDN.5.9.6_1,28614
IDN.5.9.7_1,17055
IDN.5.9.9_1,8854
IDN.5.9.10_1,20255
IDN.5.9.11_1,46642
IDN.5.9.12_1,5600
IDN.5.9.13_1,12661
IDN.5.9.14_1,8537
IDN.5.9.15_1,18121
IDN.5.10.1_1,17125
IDN.5.10.2_1,19793
IDN.5.10.3_1,13438
IDN.5.10.8_1,13093
IDN.5.10.4_1,9997
IDN.5.10.5_1,12222
IDN.5.10.6_1,7433
IDN.5.10.7_1,10671
IDN.5.10.10_1,15691
IDN.5.10.9_1,23646
IDN.5.10.11_1,21166
IDN.5.10.13_1,10639
IDN.5.10.12_1,11916
IDN.5.10.14_1,4322
IDN.6.1.1_1,15388
IDN.6.1.2_1,6403
IDN.6.1.3_1,12483
IDN.6.1.5_1,41836
IDN.6.1.4_1,2692
IDN.6.1.6_1,57929
IDN.6.1.7_1,16904
IDN.6.2.3_1,13321
IDN.6.2.1_1,23087
IDN.6.2.2_1,17398
IDN.6.2.4_1,14306
IDN.6.2.5_1,40076
IDN.6.2.6_1,11304
IDN.6.2.7_1,2907
IDN.6.2.8_1,12211
IDN.6.2.9_1,1878
IDN.6.2.11_1,36330
IDN.6.2.10_1,4265
IDN.6.2.15_1,23290
IDN.6.2.12_1,7754
IDN.6.2.13_1,14920
IDN.6.2.14_1,16271
IDN.6.2.16_1,33912
IDN.6.2.17_1,28631
IDN.6.3.1_1,1003
IDN.6.5.1_1,8915
IDN.6.5.3_1,5662
IDN.6.5.2_1,2362
IDN.6.5.4_1,1004
IDN.6.5.5_1,23575
IDN.6.5.6_1,11363
IDN.6.5.8_1,29973
IDN.6.5.7_1,22139
IDN.6.5.9_1,18799
IDN.6.5.10_1,11790
IDN.6.5.11_1,11318
IDN.6.5.14_1,15778
IDN.6.5.12_1,19989
IDN.6.5.13_1,6233
IDN.6.5.15_1,24487
IDN.6.5.16_1,7560
IDN.6.5.17_1,19672
IDN.6.4.1_1,21885
IDN.6.4.2_1,21498
IDN.6.4.3_1,6750
IDN.6.4.4_1,35764
IDN.6.4.5_1,20358
IDN.6.4.6_1,50229
IDN.6.6.1_1,32284
IDN.6.6.2_1,26828
IDN.6.6.3_1,55718
IDN.6.6.4_1,50073
IDN.6.6.5_1,70694
IDN.6.6.6_1,82979
IDN.6.7.1_1,16901
IDN.6.7.2_1,3438
IDN.6.7.3_1,11512
IDN.6.7.4_1,1949
IDN.6.7.5_1,57463
IDN.6.7.6_1,34558
IDN.6.7.7_1,3296
IDN.6.7.10_1,3960
IDN.6.7.8_1,2779
IDN.6.7.9_1,4276
IDN.6.7.11_1,6576
IDN.6.7.12_1,2201
IDN.6.7.13_1,329
IDN.7.1.1_1,621758
IDN.7.1.2_1,214379
IDN.7.1.3_1,622890
IDN.7.1.4_1,370130
IDN.7.1.5_1,563203
IDN.7.1.6_1,159316
IDN.7.1.7_1,81997
IDN.7.1.8_1,96508
IDN.7.2.1_1,88696
IDN.7.2.2_1,124044
IDN.7.2.3_1,41011
IDN.7.2.4_1,130153
IDN.7.2.5_1,118675
IDN.7.2.6_1,92303
IDN.7.2.7_1,80622
IDN.7.2.8_1,182477
IDN.7.3.1_1,266888
IDN.7.3.2_1,346630
IDN.7.3.3_1,48108
IDN.7.3.4_1,211651
IDN.7.3.5_1,263692
IDN.7.3.6_1,129926
IDN.7.3.7_1,146924
IDN.7.3.8_1,331454
IDN.7.3.9_1,210887
IDN.7.3.10_1,67922
IDN.7.3.11_1,86295
IDN.7.3.12_1,162195
IDN.7.4.1_1,683550
IDN.7.4.2_1,339106
IDN.7.4.3_1,246930
IDN.7.4.4_1,408687
IDN.7.4.5_1,196236
IDN.7.4.6_1,231514
IDN.7.4.7_1,310761
IDN.7.4.8_1,94569
IDN.7.4.9_1,208325
IDN.7.4.10_1,291225
IDN.7.5.1_1,477062
IDN.7.5.2_1,12233
IDN.7.5.3_1,285840
IDN.7.5.4_1,175672
IDN.7.5.5_1,178365
IDN.7.5.6_1,362571
IDN.7.5.7_1,348598
IDN.7.6.1_1,13846
IDN.7.6.2_1,6935
IDN.8.1.1_1,35974
IDN.8.1.2_1,23943
IDN.8.1.3_1,7603
IDN.8.1.4_1,13222
IDN.8.1.5_1,22921
IDN.8.1.6_1,53368
IDN.8.1.7_1,30182
IDN.8.1.8_1,40106
IDN.8.2.1_1,37649
IDN.8.2.2_1,6780
IDN.8.2.3_1,4358
IDN.8.2.4_1,45603
IDN.8.2.5_1,32020
IDN.8.2.7_1,41666
IDN.8.2.6_1,15467
IDN.8.2.8_1,19166
IDN.8.2.9_1,17461
IDN.8.2.10_1,20715
IDN.8.2.12_1,38775
IDN.8.2.11_1,39054
IDN.8.2.13_1,7069
IDN.8.2.14_1,44509
IDN.8.2.16_1,12555
IDN.8.2.15_1,12527
IDN.8.2.17_1,12685
IDN.8.3.1_1,10524
IDN.8.3.2_1,202575
IDN.8.3.3_1,86644
IDN.8.3.4_1,75627
IDN.8.3.5_1,270396
IDN.8.3.6_1,16840
IDN.8.3.7_1,18506
IDN.8.3.8_1,114411
IDN.8.4.2_1,10871
IDN.8.4.1_1,9249
IDN.8.4.3_1,6936
IDN.8.4.5_1,12516
IDN.8.4.4_1,0
IDN.8.4.6_1,10099
IDN.8.4.7_1,5780
IDN.8.4.8_1,8197
IDN.8.4.9_1,23417
IDN.8.4.10_1,107620
IDN.8.4.11_1,10764
IDN.8.4.12_1,12771
IDN.8.4.13_1,10477
IDN.8.5.2_1,96501
IDN.8.5.1_1,6641
IDN.8.5.3_1,8169
IDN.8.5.4_1,30377
IDN.8.5.5_1,17651
IDN.8.5.6_1,25762
IDN.8.5.7_1,6506
IDN.8.5.8_1,25365
IDN.8.5.11_1,50582
IDN.8.5.9_1,20119
IDN.8.5.10_1,16846
IDN.8.5.12_1,5810
IDN.8.5.13_1,8306
IDN.8.5.14_1,8108
IDN.8.5.15_1,7826
IDN.8.5.16_1,23503
IDN.8.5.23_1,26634
IDN.8.5.17_1,6752
IDN.8.5.18_1,6805
IDN.8.5.19_1,12071
IDN.8.5.20_1,27697
IDN.8.5.21_1,5297
IDN.8.5.22_1,5940
IDN.8.5.24_1,3714
IDN.8.6.1_1,110301
IDN.8.6.3_1,44373
IDN.8.6.2_1,64800
IDN.8.6.4_1,55798
IDN.8.6.5_1,36746
IDN.8.6.6_1,75218
IDN.8.6.7_1,46754
IDN.8.6.8_1,73632
IDN.8.7.1_1,23273
IDN.8.7.2_1,17390
IDN.8.7.3_1,19622
IDN.8.7.4_1,15997
IDN.8.7.5_1,34980
IDN.8.7.6_1,25397
IDN.8.7.7_1,23169
IDN.8.7.8_1,49849
IDN.8.7.9_1,87340
IDN.8.7.10_1,29097
IDN.8.8.2_1,13295
IDN.8.8.3_1,15325
IDN.8.8.4_1,15143
IDN.8.8.5_1,43064
IDN.8.8.6_1,13963
IDN.8.9.1_1,35037
IDN.8.9.2_1,30198
IDN.8.9.3_1,16009
IDN.8.9.4_1,4262
IDN.8.9.5_1,49649
IDN.8.9.6_1,50614
IDN.8.9.7_1,7975
IDN.8.9.8_1,22926
IDN.8.9.9_1,1075
IDN.8.9.10_1,7714
IDN.8.9.11_1,43604
IDN.8.9.12_1,38514
IDN.8.9.13_1,45241
IDN.8.10.1_1,18280
IDN.8.10.2_1,24332
IDN.8.10.3_1,30693
IDN.8.10.4_1,2281
IDN.8.10.5_1,3364
IDN.8.10.7_1,20015
IDN.8.10.6_1,16735
IDN.8.10.8_1,7452
IDN.8.10.9_1,7862
IDN.8.10.10_1,48174
IDN.8.10.11_1,15321
IDN.8.10.12_1,11277
IDN.8.11.1_1,15192
IDN.8.11.2_1,95778
IDN.8.11.3_1,33986
IDN.8.11.4_1,58152
IDN.8.11.5_1,5742
IDN.8.11.6_1,17902
IDN.8.11.7_1,37811
IDN.8.11.8_1,54999
IDN.8.11.9_1,19895
IDN.8.11.10_1,41198
IDN.8.11.12_1,17097
IDN.8.11.11_1,14042
IDN.9.2.1_1,78019
IDN.9.2.2_1,172586
IDN.9.2.3_1,106373
IDN.9.2.4_1,64319
IDN.9.2.5_1,75732
IDN.9.2.6_1,93460
IDN.9.2.7_1,102532
IDN.9.2.8_1,28770
IDN.9.2.9_1,120149
IDN.9.2.10_1,78873
IDN.9.2.11_1,108373
IDN.9.2.12_1,127959
IDN.9.2.13_1,94402
IDN.9.2.14_1,104039
IDN.9.2.15_1,110927
IDN.9.2.16_1,94770
IDN.9.2.17_1,122290
IDN.9.2.18_1,104832
IDN.9.2.19_1,131004
IDN.9.2.20_1,111622
IDN.9.2.21_1,76316
IDN.9.2.22_1,56568
IDN.9.2.23_1,79796
IDN.9.2.24_1,74937
IDN.9.2.25_1,310317
IDN.9.2.26_1,117745
IDN.9.2.27_1,90879
IDN.9.2.28_1,123102
IDN.9.2.29_1,184316
IDN.9.2.30_1,79609
IDN.9.2.31_1,89703
IDN.9.1.1_1,158436
IDN.9.1.2_1,85612
IDN.9.1.3_1,99143
IDN.9.1.4_1,26253
IDN.9.1.5_1,142880
IDN.9.1.6_1,53657
IDN.9.1.7_1,22547
IDN.9.1.8_1,77523
IDN.9.1.9_1,62470
IDN.9.1.10_1,260876
IDN.9.1.11_1,136798
IDN.9.1.12_1,192052
IDN.9.1.13_1,185660
IDN.9.1.14_1,7997
IDN.9.1.15_1,34705
IDN.9.1.16_1,14852
IDN.9.3.1_1,53075
IDN.9.3.2_1,60381
IDN.9.3.3_1,52736
IDN.9.3.4_1,39292
IDN.9.4.1_1,314446
IDN.9.4.2_1,87153
IDN.9.4.3_1,56828
IDN.9.4.4_1,141884
IDN.9.4.5_1,188211
IDN.9.4.6_1,349891
IDN.9.4.7_1,277719
IDN.9.4.8_1,386882
IDN.9.4.9_1,231471
IDN.9.4.10_1,321864
IDN.9.4.11_1,149264
IDN.9.4.12_1,91887
IDN.9.4.13_1,94066
IDN.9.4.14_1,104385
IDN.9.4.15_1,215199
IDN.9.4.16_1,183451
IDN.9.4.17_1,47744
IDN.9.4.18_1,67408
IDN.9.4.19_1,151071
IDN.9.4.20_1,52376
IDN.9.4.21_1,350616
IDN.9.4.22_1,184837
IDN.9.4.23_1,261574
IDN.9.5.1_1,218380
IDN.9.5.2_1,264580
IDN.9.5.3_1,109799
IDN.9.5.4_1,123242
IDN.9.5.5_1,155654
IDN.9.5.6_1,106543
IDN.9.5.7_1,442159
IDN.9.5.8_1,127705
IDN.9.5.9_1,80951
IDN.9.5.10_1,119478
IDN.9.5.11_1,53218
IDN.9.5.12_1,490468
IDN.9.5.13_1,147665
IDN.9.5.14_1,227024
IDN.9.5.15_1,183525
IDN.9.5.16_1,283717
IDN.9.5.17_1,120567
IDN.9.5.18_1,551493
IDN.9.5.19_1,272381
IDN.9.5.20_1,85553
IDN.9.5.21_1,192682
IDN.9.5.22_1,255042
IDN.9.5.23_1,181642
IDN.9.5.24_1,83937
IDN.9.5.25_1,46668
IDN.9.5.26_1,118431
IDN.9.5.27_1,43259
IDN.9.5.28_1,82636
IDN.9.5.30_1,174314
IDN.9.5.29_1,211843
IDN.9.5.31_1,67523
IDN.9.5.32_1,210604
IDN.9.5.33_1,20510
IDN.9.5.34_1,39846
IDN.9.5.35_1,227654
IDN.9.5.36_1,210530
IDN.9.5.37_1,95427
IDN.9.5.38_1,29122
IDN.9.5.39_1,101906
IDN.9.5.40_1,34236
IDN.9.6.1_1,106471
IDN.9.6.2_1,29929
IDN.9.6.3_1,107932
IDN.9.6.4_1,3056
IDN.9.6.5_1,9237
IDN.9.6.6_1,78030
IDN.9.6.7_1,75234
IDN.9.6.8_1,22275
IDN.9.6.9_1,49732
IDN.9.6.10_1,5669
IDN.9.6.11_1,30391
IDN.9.6.12_1,37860
IDN.9.6.13_1,24543
IDN.9.6.14_1,14187
IDN.9.6.15_1,25869
IDN.9.6.16_1,30781
IDN.9.6.17_1,111319
IDN.9.6.18_1,12768
IDN.9.6.19_1,25696
IDN.9.6.20_1,49047
IDN.9.6.21_1,150275
IDN.9.6.22_1,65421
IDN.9.6.23_1,24476
IDN.9.6.24_1,70882
IDN.9.6.25_1,40957
IDN.9.6.26_1,63905
IDN.9.6.27_1,67523
IDN.9.6.28_1,46982
IDN.9.6.29_1,38918
IDN.9.6.30_1,38355
IDN.9.6.31_1,22863
IDN.9.6.32_1,39187
IDN.9.6.33_1,68078
IDN.9.6.34_1,4546
IDN.9.6.35_1,27651
IDN.9.6.36_1,6156
IDN.9.7.1_1,167613
IDN.9.7.2_1,32550
IDN.9.7.4_1,20123
IDN.9.7.3_1,9628
IDN.9.7.5_1,138014
IDN.9.7.6_1,54075
IDN.9.7.7_1,38340
IDN.9.7.8_1,217477
IDN.9.7.9_1,29049
IDN.9.7.10_1,10852
IDN.9.7.11_1,45782
IDN.9.7.12_1,95138
IDN.9.7.13_1,184128
IDN.9.7.14_1,97762
IDN.9.7.15_1,56453
IDN.9.7.16_1,37520
IDN.9.7.17_1,56251
IDN.9.7.18_1,40424
IDN.9.7.19_1,179795
IDN.9.7.20_1,14039
IDN.9.7.21_1,81109
IDN.9.7.22_1,14370
IDN.9.7.23_1,159662
IDN.9.7.24_1,86749
IDN.9.7.25_1,27576
IDN.9.7.26_1,138275
IDN.9.7.27_1,104949
IDN.9.7.28_1,38091
IDN.9.7.29_1,83500
IDN.9.7.30_1,25499
IDN.9.7.31_1,33635
IDN.9.7.32_1,61202
IDN.9.8.1_1,242790
IDN.9.8.2_1,212487
IDN.9.8.3_1,198959
IDN.9.9.1_1,54610
IDN.9.9.2_1,67149
IDN.9.9.3_1,80407
IDN.9.9.4_1,46089
IDN.9.9.5_1,69454
IDN.9.9.6_1,49865
IDN.9.9.7_1,45278
IDN.9.9.8_1,38397
IDN.9.9.9_1,74280
IDN.9.9.10_1,43294
IDN.9.9.11_1,76175
IDN.9.9.12_1,26827
IDN.9.9.13_1,64512
IDN.9.9.14_1,26753
IDN.9.9.15_1,28469
IDN.9.9.16_1,34861
IDN.9.9.17_1,25668
IDN.9.9.18_1,15769
IDN.9.9.19_1,91195
IDN.9.9.20_1,39165
IDN.9.9.21_1,40538
IDN.9.9.22_1,51390
IDN.9.9.23_1,89671
IDN.9.9.24_1,73693
IDN.9.9.25_1,48387
IDN.9.9.26_1,60088
IDN.9.9.27_1,69900
IDN.9.9.28_1,21796
IDN.9.9.29_1,26550
IDN.9.9.30_1,38365
IDN.9.9.31_1,76467
IDN.9.9.32_1,15306
IDN.9.9.33_1,97498
IDN.9.9.34_1,26958
IDN.9.9.35_1,60298
IDN.9.9.36_1,18885
IDN.9.9.37_1,102021
IDN.9.9.38_1,36851
IDN.9.9.39_1,35387
IDN.9.9.40_1,62262
IDN.9.10.1_1,244448
IDN.9.10.2_1,213509
IDN.9.10.3_1,201512
IDN.9.10.4_1,325431
IDN.9.10.5_1,181261
IDN.9.10.6_1,142957
IDN.9.10.7_1,160200
IDN.9.10.8_1,279286
IDN.9.10.9_1,299504
IDN.9.10.10_1,271820
IDN.9.10.11_1,311713
IDN.9.11.1_1,10116
IDN.9.11.2_1,169936
IDN.9.11.3_1,102370
IDN.9.11.4_1,103953
IDN.9.11.5_1,50003
IDN.9.11.6_1,42243
IDN.9.11.7_1,48320
IDN.9.11.8_1,117661
IDN.9.11.9_1,34978
IDN.9.11.10_1,38515
IDN.9.11.11_1,5371
IDN.9.11.12_1,113577
IDN.9.11.13_1,60391
IDN.9.11.14_1,108149
IDN.9.11.15_1,5020
IDN.9.11.16_1,10643
IDN.9.11.17_1,156159
IDN.9.11.18_1,97562
IDN.9.11.19_1,113297
IDN.9.11.20_1,148390
IDN.9.11.21_1,7926
IDN.9.11.22_1,47599
IDN.9.11.23_1,99691
IDN.9.11.24_1,71075
IDN.9.11.25_1,77131
IDN.9.11.26_1,64739
IDN.9.11.27_1,22487
IDN.9.11.28_1,98744
IDN.9.11.29_1,13930
IDN.9.11.30_1,48219
IDN.9.11.31_1,110859
IDN.9.11.32_1,9883
IDN.9.11.33_1,98708
IDN.9.11.34_1,28865
IDN.9.11.35_1,7954
IDN.9.11.36_1,29987
IDN.9.11.37_1,40481
IDN.9.11.38_1,53846
IDN.9.11.39_1,1889
IDN.9.11.40_1,178930
IDN.9.11.41_1,128784
IDN.9.11.42_1,55542
IDN.9.12.1_1,130914
IDN.9.12.2_1,13899
IDN.9.12.3_1,58896
IDN.9.12.4_1,30258
IDN.9.12.5_1,29733
IDN.9.12.6_1,7699
IDN.9.12.7_1,27487
IDN.9.12.8_1,42422
IDN.9.12.9_1,172066
IDN.9.12.10_1,154422
IDN.9.12.11_1,83692
IDN.9.12.12_1,68743
IDN.9.12.13_1,53041
IDN.9.12.14_1,51219
IDN.9.12.15_1,39280
IDN.9.12.16_1,28409
IDN.9.12.17_1,56642
IDN.9.12.18_1,30171
IDN.9.12.19_1,111976
IDN.9.12.20_1,31130
IDN.9.12.21_1,46318
IDN.9.12.22_1,43108
IDN.9.12.23_1,8973
IDN.9.12.24_1,48949
IDN.9.12.25_1,42646
IDN.9.12.26_1,43465
IDN.9.12.27_1,79491
IDN.9.12.28_1,41025
IDN.9.12.29_1,48445
IDN.9.12.30_1,75237
IDN.9.12.31_1,38968
IDN.9.13.1_1,46419
IDN.9.13.2_1,59967
IDN.9.13.3_1,151492
IDN.9.13.4_1,33273
IDN.9.13.5_1,153964
IDN.9.13.6_1,44810
IDN.9.13.7_1,51495
IDN.9.13.8_1,34961
IDN.9.13.9_1,122472
IDN.9.13.10_1,31991
IDN.9.13.11_1,187764
IDN.9.13.12_1,142786
IDN.9.13.13_1,215683
IDN.9.13.14_1,125215
IDN.9.13.15_1,27924
IDN.9.13.16_1,68964
IDN.9.13.17_1,89447
IDN.9.13.18_1,40415
IDN.9.13.19_1,66079
IDN.9.13.20_1,42198
IDN.9.13.21_1,105036
IDN.9.13.22_1,65678
IDN.9.13.23_1,84496
IDN.9.13.24_1,53104
IDN.9.13.25_1,30417
IDN.9.13.26_1,171197
IDN.9.13.27_1,197086
IDN.9.13.28_1,62385
IDN.9.13.29_1,49697
IDN.9.13.30_1,110428
IDN.9.14.1_1,128502
IDN.9.14.2_1,117150
IDN.9.14.3_1,154929
IDN.9.14.4_1,88752
IDN.9.14.5_1,165254
IDN.9.14.6_1,111851
IDN.9.14.7_1,159744
IDN.9.14.8_1,111714
IDN.9.14.9_1,152362
IDN.9.14.10_1,98687
IDN.9.14.11_1,118479
IDN.9.14.12_1,152714
IDN.9.14.13_1,112529
IDN.9.14.14_1,108906
IDN.9.14.15_1,67611
IDN.9.14.16_1,220456
IDN.9.14.17_1,123012
IDN.9.14.18_1,71175
IDN.9.14.19_1,189479
IDN.9.14.20_1,79516
IDN.9.14.21_1,156459
IDN.9.14.22_1,201288
IDN.9.14.23_1,57731
IDN.9.14.24_1,84063
IDN.9.14.25_1,118012
IDN.9.14.26_1,154983
IDN.9.14.27_1,150568
IDN.9.14.28_1,128206
IDN.9.14.29_1,120707
IDN.9.14.30_1,57983
IDN.9.15.1_1,186352
IDN.9.15.2_1,272416
IDN.9.15.3_1,281178
IDN.9.15.4_1,252104
IDN.9.15.5_1,322711
IDN.9.15.6_1,348404
IDN.9.15.7_1,227279
IDN.9.15.8_1,208685
IDN.9.15.9_1,321321
IDN.9.15.10_1,284751
IDN.9.15.11_1,148567
IDN.9.15.12_1,257215
IDN.9.16.1_1,261706
IDN.9.16.2_1,239141
IDN.9.16.3_1,111114
IDN.9.16.4_1,119644
IDN.9.16.5_1,219229
IDN.9.16.6_1,252303
IDN.9.17.1_1,169103
IDN.9.17.2_1,55230
IDN.9.17.3_1,135660
IDN.9.17.4_1,94983
IDN.9.17.5_1,37186
IDN.9.18.1_1,27462
IDN.9.18.2_1,36676
IDN.9.18.3_1,63961
IDN.9.18.4_1,38344
IDN.9.18.5_1,50779
IDN.9.18.6_1,39840
IDN.9.18.7_1,57322
IDN.9.19.1_1,64301
IDN.9.19.2_1,83366
IDN.9.19.3_1,58846
IDN.9.19.4_1,72386
IDN.9.19.5_1,78327
IDN.9.19.6_1,84984
IDN.9.19.7_1,111550
IDN.9.19.8_1,43278
IDN.9.19.9_1,53917
IDN.9.19.10_1,67123
IDN.9.20.1_1,65868
IDN.9.20.2_1,30429
IDN.9.20.3_1,68976
IDN.9.20.4_1,28052
IDN.9.20.5_1,25584
IDN.9.20.6_1,44913
IDN.9.20.7_1,4680
IDN.9.20.8_1,81861
IDN.9.20.9_1,27410
IDN.9.20.10_1,15315
IDN.9.20.11_1,17682
IDN.9.20.12_1,24828
IDN.9.20.13_1,32084
IDN.9.20.14_1,26036
IDN.9.20.15_1,15132
IDN.9.20.16_1,51142
IDN.9.20.17_1,11220
IDN.9.20.18_1,24131
IDN.9.20.19_1,11563
IDN.9.20.20_1,26225
IDN.9.20.21_1,50017
IDN.9.20.22_1,129999
IDN.9.20.23_1,37588
IDN.9.20.24_1,46520
IDN.9.20.25_1,33658
IDN.9.20.26_1,21537
IDN.9.20.27_1,13576
IDN.9.20.28_1,16734
IDN.9.20.29_1,14500
IDN.9.20.30_1,10906
IDN.9.20.31_1,42997
IDN.9.20.32_1,12334
IDN.9.21.1_1,30978
IDN.9.21.2_1,23381
IDN.9.21.3_1,17632
IDN.9.21.4_1,43903
IDN.9.21.5_1,76369
IDN.9.21.6_1,61043
IDN.9.21.7_1,58772
IDN.9.21.8_1,61010
IDN.9.21.9_1,89233
IDN.9.21.10_1,58458
IDN.9.21.11_1,34388
IDN.9.21.12_1,120873
IDN.9.21.13_1,12198
IDN.9.21.14_1,23005
IDN.9.21.15_1,51565
IDN.9.21.16_1,48230
IDN.9.21.17_1,84184
IDN.9.21.18_1,22374
IDN.9.21.19_1,60291
IDN.9.21.20_1,31845
IDN.9.21.21_1,24044
IDN.9.21.22_1,8629
IDN.9.21.23_1,14850
IDN.9.21.24_1,24978
IDN.9.21.25_1,119202
IDN.9.21.26_1,37528
IDN.9.22.1_1,75625
IDN.9.22.2_1,18615
IDN.9.22.3_1,148796
IDN.9.22.4_1,95991
IDN.9.22.5_1,52944
IDN.9.22.6_1,45505
IDN.9.22.7_1,83407
IDN.9.22.8_1,21113
IDN.9.22.9_1,30203
IDN.9.22.10_1,33356
IDN.9.22.11_1,76225
IDN.9.22.12_1,17276
IDN.9.22.13_1,114679
IDN.9.22.14_1,7582
IDN.9.22.15_1,81056
IDN.9.22.16_1,42527
IDN.9.22.17_1,54
IDN.9.22.18_1,32822
IDN.9.23.1_1,34057
IDN.9.23.2_1,47818
IDN.9.23.3_1,85258
IDN.9.23.4_1,18060
IDN.9.23.5_1,31418
IDN.9.23.6_1,24177
IDN.9.23.7_1,104790
IDN.9.23.8_1,94173
IDN.9.23.9_1,34163
IDN.9.23.10_1,20914
IDN.9.23.11_1,28032
IDN.9.23.12_1,38719
IDN.9.23.13_1,38975
IDN.9.23.14_1,84233
IDN.9.23.15_1,20511
IDN.9.23.16_1,24645
IDN.9.23.17_1,186116
IDN.9.23.19_1,60379
IDN.9.23.18_1,40042
IDN.9.23.20_1,38484
IDN.9.23.21_1,184439
IDN.9.23.22_1,104392
IDN.9.23.23_1,28786
IDN.9.23.24_1,23553
IDN.9.23.25_1,27452
IDN.9.23.26_1,11660
IDN.9.23.27_1,93559
IDN.9.23.28_1,33680
IDN.9.23.29_1,29461
IDN.9.23.30_1,28124
IDN.9.24.1_1,17184
IDN.9.24.2_1,17312
IDN.9.24.3_1,28562
IDN.9.24.4_1,18772
IDN.9.24.5_1,96735
IDN.9.24.6_1,45541
IDN.9.24.7_1,54093
IDN.9.24.8_1,125530
IDN.9.24.9_1,28342
IDN.9.24.10_1,47900
IDN.9.24.11_1,26334
IDN.9.24.12_1,158989
IDN.9.24.13_1,17440
IDN.9.24.14_1,121311
IDN.9.24.15_1,19856
IDN.9.24.16_1,28566
IDN.9.24.17_1,127410
IDN.9.24.18_1,30299
IDN.9.24.19_1,110658
IDN.9.24.20_1,41329
IDN.9.24.21_1,23760
IDN.9.24.22_1,20462
IDN.9.24.23_1,67301
IDN.9.24.24_1,73185
IDN.9.24.25_1,80201
IDN.9.24.26_1,29454
IDN.9.24.27_1,24766
IDN.9.24.28_1,39473
IDN.9.24.29_1,12323
IDN.9.24.30_1,42978
IDN.9.24.31_1,28908
IDN.9.24.32_1,29693
IDN.9.24.33_1,55908
IDN.9.24.34_1,66361
IDN.9.24.35_1,17076
IDN.9.24.36_1,64111
IDN.9.24.37_1,80783
IDN.9.24.38_1,94597
IDN.9.24.39_1,139486
IDN.9.24.40_1,56459
IDN.9.24.41_1,40256
IDN.9.24.42_1,47266
IDN.9.24.43_1,84044
IDN.9.24.44_1,111215
IDN.9.24.45_1,122979
IDN.9.24.46_1,32585
IDN.9.24.47_1,37890
IDN.9.25.1_1,31442
IDN.9.25.2_1,7873
IDN.9.25.3_1,120032
IDN.9.25.4_1,81896
IDN.9.25.5_1,22107
IDN.9.25.6_1,30042
IDN.9.25.7_1,31417
IDN.9.25.8_1,50671
IDN.9.25.9_1,25502
IDN.9.25.10_1,25189
IDN.9.25.11_1,153301
IDN.9.25.12_1,15510
IDN.9.25.13_1,46696
IDN.9.25.14_1,60693
IDN.9.25.15_1,23300
IDN.9.25.16_1,55559
IDN.9.25.17_1,22084
IDN.9.25.18_1,69293
IDN.9.25.19_1,120124
IDN.9.25.20_1,11232
IDN.9.25.21_1,58571
IDN.9.25.22_1,21088
IDN.9.25.23_1,77573
IDN.9.25.24_1,52337
IDN.9.25.25_1,41019
IDN.9.25.26_1,27878
IDN.9.26.1_1,21170
IDN.9.26.2_1,8943
IDN.9.26.3_1,15342
IDN.9.26.4_1,101771
IDN.9.26.5_1,32804
IDN.9.26.6_1,64518
IDN.9.26.7_1,67153
IDN.9.26.8_1,23878
IDN.9.26.9_1,13978
IDN.9.26.10_1,87172
IDN.9.26.11_1,104743
IDN.9.26.12_1,7180
IDN.9.26.13_1,7819
IDN.9.26.14_1,67100
IDN.9.26.15_1,21994
IDN.9.26.16_1,44574
IDN.9.26.17_1,1731
IDN.9.26.18_1,81044
IDN.9.26.19_1,57823
IDN.9.26.20_1,34789
IDN.9.26.21_1,64297
IDN.9.26.22_1,62258
IDN.9.26.23_1,78074
IDN.9.26.24_1,12254
IDN.9.26.25_1,18010
IDN.9.26.26_1,9262
IDN.9.26.27_1,78647
IDN.9.26.28_1,38861
IDN.9.26.29_1,14335
IDN.9.26.30_1,56490
IDN.9.26.31_1,148711
IDN.9.26.32_1,23845
IDN.9.26.33_1,40365
IDN.9.26.34_1,39899
IDN.9.26.35_1,60630
IDN.9.26.36_1,83068
IDN.9.26.37_1,62620
IDN.9.26.38_1,27511
IDN.9.26.39_1,16515
IDN.9.27.1_1,5759
IDN.10.1.1_1,49186
IDN.10.1.2_1,52732
IDN.10.1.3_1,154384
IDN.10.1.4_1,51729
IDN.10.1.5_1,60193
IDN.10.1.6_1,25004
IDN.10.1.7_1,45588
IDN.10.1.8_1,46126
IDN.10.1.9_1,7823
IDN.10.1.10_1,17964
IDN.10.1.11_1,11175
IDN.10.1.12_1,38947
IDN.10.1.13_1,35674
IDN.10.1.14_1,52975
IDN.10.1.15_1,30973
IDN.10.1.16_1,32061
IDN.10.1.17_1,33014
IDN.10.1.18_1,22174
IDN.10.1.19_1,55455
IDN.10.1.20_1,58520
IDN.10.2.1_1,75431
IDN.10.2.2_1,37403
IDN.10.2.3_1,52630
IDN.10.2.4_1,80014
IDN.10.2.5_1,28878
IDN.10.2.6_1,52089
IDN.10.2.7_1,72018
IDN.10.2.8_1,60278
IDN.10.2.9_1,51652
IDN.10.2.10_1,49725
IDN.10.2.11_1,110834
IDN.10.2.12_1,83297
IDN.10.2.13_1,19023
IDN.10.2.14_1,59039
IDN.10.2.15_1,60349
IDN.10.2.16_1,11737
IDN.10.2.17_1,54219
IDN.10.2.18_1,77583
IDN.10.2.19_1,78336
IDN.10.2.20_1,50379
IDN.10.2.21_1,53222
IDN.10.2.22_1,124455
IDN.10.2.23_1,19168
IDN.10.2.24_1,90893
IDN.10.2.25_1,66594
IDN.10.2.26_1,44402
IDN.10.2.27_1,70464
IDN.10.3.1_1,57471
IDN.10.3.2_1,63094
IDN.10.3.3_1,129543
IDN.10.3.4_1,44945
IDN.10.3.5_1,41875
IDN.10.3.6_1,99652
IDN.10.3.7_1,73930
IDN.10.3.8_1,43278
IDN.10.3.9_1,21728
IDN.10.3.10_1,34142
IDN.10.3.11_1,80880
IDN.10.3.12_1,33354
IDN.10.3.13_1,58169
IDN.10.3.14_1,50341
IDN.10.3.15_1,42648
IDN.10.4.1_1,37413
IDN.10.4.2_1,89520
IDN.10.4.3_1,41272
IDN.10.4.4_1,79446
IDN.10.4.5_1,43873
IDN.10.4.6_1,22984
IDN.10.4.7_1,74548
IDN.10.4.8_1,65461
IDN.10.4.9_1,62241
IDN.10.4.10_1,26031
IDN.10.4.11_1,59532
IDN.10.4.12_1,45525
IDN.10.4.13_1,56566
IDN.10.4.14_1,49267
IDN.10.4.15_1,35381
IDN.10.4.16_1,74259
IDN.10.5.1_1,96595
IDN.10.5.2_1,58368
IDN.10.5.3_1,68813
IDN.10.5.4_1,78494
IDN.10.5.5_1,63952
IDN.10.5.6_1,14044
IDN.10.5.7_1,20319
IDN.10.5.8_1,19715
IDN.10.5.9_1,31894
IDN.10.5.10_1,74574
IDN.10.5.11_1,46041
IDN.10.5.12_1,101947
IDN.10.5.13_1,60163
IDN.10.5.14_1,36895
IDN.10.5.15_1,34412
IDN.10.5.16_1,101690
IDN.10.5.17_1,25128
IDN.10.5.18_1,53913
IDN.10.5.19_1,31457
IDN.10.6.1_1,140010
IDN.10.6.2_1,113832
IDN.10.6.3_1,165317
IDN.10.6.4_1,126742
IDN.10.6.5_1,104279
IDN.10.6.6_1,61558
IDN.10.6.7_1,47820
IDN.10.6.8_1,161224
IDN.10.6.9_1,205086
IDN.10.6.10_1,80721
IDN.10.6.11_1,109196
IDN.10.6.12_1,54776
IDN.10.6.13_1,67086
IDN.10.6.14_1,60125
IDN.10.6.15_1,74125
IDN.10.6.16_1,59163
IDN.10.6.17_1,158882
IDN.10.7.1_1,122133
IDN.10.7.2_1,36745
IDN.10.7.3_1,62064
IDN.10.7.4_1,67315
IDN.10.7.5_1,76604
IDN.10.7.6_1,74873
IDN.10.7.7_1,100152
IDN.10.7.8_1,70533
IDN.10.7.9_1,30287
IDN.10.7.10_1,79209
IDN.10.7.11_1,28926
IDN.10.7.12_1,3670
IDN.10.7.13_1,44827
IDN.10.7.14_1,30790
IDN.10.7.15_1,107020
IDN.10.7.16_1,110286
IDN.10.7.17_1,76472
IDN.10.7.18_1,110617
IDN.10.7.19_1,38572
IDN.10.7.20_1,80637
IDN.10.7.21_1,48582
IDN.10.7.22_1,38279
IDN.10.7.23_1,55135
IDN.10.7.24_1,158503
IDN.10.8.1_1,69260
IDN.10.8.2_1,126415
IDN.10.8.3_1,83080
IDN.10.8.4_1,80038
IDN.10.8.5_1,80870
IDN.10.8.6_1,60723
IDN.10.8.7_1,111150
IDN.10.8.8_1,88117
IDN.10.8.9_1,34431
IDN.10.8.10_1,50680
IDN.10.8.11_1,154943
IDN.10.8.12_1,93059
IDN.10.8.13_1,33525
IDN.10.8.14_1,86775
IDN.10.9.1_1,62172
IDN.10.9.2_1,34416
IDN.10.9.3_1,58863
IDN.10.9.4_1,81806
IDN.10.9.5_1,75705
IDN.10.9.6_1,89100
IDN.10.9.7_1,74653
IDN.10.9.8_1,41403
IDN.10.9.9_1,49694
IDN.10.9.10_1,29150
IDN.10.9.11_1,47990
IDN.10.9.12_1,82478
IDN.10.9.13_1,48860
IDN.10.9.14_1,179528
IDN.10.9.15_1,42441
IDN.10.9.16_1,59576
IDN.10.9.17_1,60265
IDN.10.9.18_1,142159
IDN.10.9.19_1,87464
IDN.10.10.1_1,68274
IDN.10.10.2_1,66152
IDN.10.10.3_1,67229
IDN.10.10.4_1,98327
IDN.10.10.5_1,60222
IDN.10.10.6_1,5656
IDN.10.10.7_1,31777
IDN.10.10.8_1,47907
IDN.10.10.9_1,68578
IDN.10.10.10_1,86090
IDN.10.10.11_1,102349
IDN.10.10.12_1,105293
IDN.10.10.13_1,52134
IDN.10.10.14_1,10066
IDN.10.10.15_1,90462
IDN.10.10.16_1,126738
IDN.10.10.17_1,73820
IDN.10.11.1_1,79752
IDN.10.11.2_1,106775
IDN.10.11.3_1,99192
IDN.10.11.4_1,24409
IDN.10.11.5_1,30332
IDN.10.11.6_1,17507
IDN.10.11.7_1,30076
IDN.10.11.8_1,26653
IDN.10.11.9_1,100491
IDN.10.11.10_1,35448
IDN.10.11.11_1,78634
IDN.10.11.12_1,14160
IDN.10.11.13_1,34506
IDN.10.11.14_1,32795
IDN.10.11.15_1,36754
IDN.10.11.16_1,70969
IDN.10.11.17_1,66406
IDN.10.12.1_1,35928
IDN.10.12.2_1,36831
IDN.10.12.3_1,80971
IDN.10.12.4_1,27309
IDN.10.12.5_1,22425
IDN.10.12.6_1,31399
IDN.10.12.7_1,63534
IDN.10.12.8_1,51948
IDN.10.12.9_1,41202
IDN.10.12.10_1,26516
IDN.10.12.11_1,35935
IDN.10.12.12_1,84540
IDN.10.12.13_1,51575
IDN.10.12.14_1,51312
IDN.10.12.15_1,46253
IDN.10.12.16_1,70940
IDN.10.12.17_1,18913
IDN.10.12.18_1,35251
IDN.10.12.19_1,59138
IDN.10.12.20_1,13096
IDN.10.12.21_1,41489
IDN.10.12.22_1,81771
IDN.10.12.23_1,23875
IDN.10.12.24_1,16268
IDN.10.12.25_1,36444
IDN.10.12.26_1,42929
IDN.10.13.1_1,46285
IDN.10.13.2_1,31080
IDN.10.13.3_1,56706
IDN.10.13.4_1,92229
IDN.10.13.6_1,47071
IDN.10.13.5_1,26885
IDN.10.13.7_1,74727
IDN.10.13.8_1,43931
IDN.10.13.9_1,18991
IDN.10.13.10_1,45898
IDN.10.13.11_1,21647
IDN.10.13.12_1,48092
IDN.10.13.13_1,66406
IDN.10.13.14_1,45045
IDN.10.13.15_1,15624
IDN.10.13.16_1,60253
IDN.10.13.17_1,64782
IDN.10.13.18_1,36539
IDN.10.13.19_1,47668
IDN.10.13.20_1,66393
IDN.10.14.1_1,52140
IDN.10.14.2_1,75715
IDN.10.14.3_1,52468
IDN.10.14.4_1,40599
IDN.10.14.5_1,53726
IDN.10.14.6_1,37873
IDN.10.14.7_1,73654
IDN.10.14.8_1,60065
IDN.10.14.9_1,38613
IDN.10.14.10_1,46477
IDN.10.14.11_1,64878
IDN.10.14.12_1,19859
IDN.10.14.13_1,18182
IDN.10.14.14_1,10522
IDN.10.14.15_1,45324
IDN.10.14.16_1,42695
IDN.10.14.17_1,33374
IDN.10.14.18_1,37824
IDN.10.14.19_1,37869
IDN.10.14.20_1,45276
IDN.10.14.21_1,40773
IDN.10.14.22_1,62603
IDN.10.14.23_1,66808
IDN.10.14.24_1,34588
IDN.10.14.25_1,67967
IDN.10.14.26_1,52239
IDN.10.15.1_1,72558
IDN.10.15.2_1,38675
IDN.10.15.3_1,29892
IDN.10.16.1_1,59384
IDN.10.16.2_1,41696
IDN.10.16.3_1,51870
IDN.10.16.4_1,46848
IDN.10.17.1_1,186110
IDN.10.17.2_1,66365
IDN.10.17.3_1,85279
IDN.10.17.4_1,57975
IDN.10.17.5_1,132937
IDN.10.17.6_1,147150
IDN.10.17.7_1,115515
IDN.10.17.8_1,176316
IDN.10.17.9_1,160312
IDN.10.17.10_1,183495
IDN.10.17.11_1,73193
IDN.10.17.12_1,64218
IDN.10.17.13_1,59806
IDN.10.17.14_1,102204
IDN.10.17.15_1,168862
IDN.10.17.16_1,49451
IDN.10.18.1_1,45682
IDN.10.18.2_1,54780
IDN.10.18.3_1,45765
IDN.10.18.4_1,73064
IDN.10.19.1_1,73486
IDN.10.19.2_1,75043
IDN.10.19.3_1,94661
IDN.10.19.4_1,113944
IDN.10.19.5_1,131362
IDN.10.19.6_1,119303
IDN.10.19.8_1,5956
IDN.10.19.7_1,76244
IDN.10.19.9_1,70151
IDN.10.19.10_1,79566
IDN.10.20.1_1,41909
IDN.10.20.2_1,33831
IDN.10.20.3_1,54089
IDN.10.20.4_1,71637
IDN.10.20.5_1,53278
IDN.10.20.6_1,42643
IDN.10.20.7_1,50139
IDN.10.20.8_1,108669
IDN.10.20.9_1,84845
IDN.10.20.10_1,77817
IDN.10.20.11_1,68313
IDN.10.20.12_1,34257
IDN.10.20.13_1,78404
IDN.10.20.15_1,70249
IDN.10.20.14_1,48344
IDN.10.20.16_1,80022
IDN.10.20.17_1,69787
IDN.10.20.18_1,59199
IDN.10.20.19_1,53011
IDN.10.20.20_1,32703
IDN.10.20.21_1,33263
IDN.10.21.1_1,43077
IDN.10.21.2_1,22065
IDN.10.21.3_1,100104
IDN.10.21.4_1,63361
IDN.10.21.5_1,22170
IDN.10.21.6_1,7601
IDN.10.21.8_1,23611
IDN.10.21.7_1,39630
IDN.10.21.9_1,105221
IDN.10.21.10_1,62244
IDN.10.21.11_1,90634
IDN.10.21.12_1,80504
IDN.10.21.13_1,138491
IDN.10.21.14_1,30390
IDN.10.21.15_1,72482
IDN.10.21.16_1,31155
IDN.10.21.17_1,71727
IDN.10.21.18_1,29683
IDN.10.21.19_1,69230
IDN.10.21.20_1,94769
IDN.10.21.21_1,36849
IDN.10.22.1_1,72908
IDN.10.22.2_1,30784
IDN.10.22.3_1,28735
IDN.10.22.4_1,79498
IDN.10.22.5_1,34131
IDN.10.22.6_1,40606
IDN.10.22.7_1,38679
IDN.10.22.8_1,61935
IDN.10.22.9_1,106586
IDN.10.22.10_1,5961
IDN.10.22.11_1,26889
IDN.10.22.12_1,17343
IDN.10.22.13_1,42092
IDN.10.22.14_1,54048
IDN.10.22.15_1,17686
IDN.10.22.16_1,57946
IDN.10.22.17_1,54673
IDN.10.22.18_1,42906
IDN.10.22.19_1,28904
IDN.10.23.1_1,77042
IDN.10.23.2_1,87368
IDN.10.23.3_1,91187
IDN.10.23.4_1,65099
IDN.10.23.5_1,95856
IDN.10.23.6_1,45297
IDN.10.23.7_1,176415
IDN.10.23.8_1,125016
IDN.10.23.9_1,77001
IDN.10.23.10_1,97901
IDN.10.23.11_1,160362
IDN.10.23.12_1,83380
IDN.10.23.13_1,26514
IDN.10.23.14_1,60368
IDN.10.24.1_1,57982
IDN.10.24.2_1,53349
IDN.10.24.3_1,92250
IDN.10.24.4_1,76979
IDN.10.24.5_1,74971
IDN.10.24.6_1,25392
IDN.10.24.7_1,12703
IDN.10.24.8_1,39490
IDN.10.24.9_1,62036
IDN.10.24.10_1,31912
IDN.10.24.11_1,115655
IDN.10.24.12_1,24881
IDN.10.24.13_1,38550
IDN.10.24.14_1,51481
IDN.10.24.15_1,55441
IDN.10.24.16_1,11510
IDN.10.24.17_1,69786
IDN.10.24.18_1,34634
IDN.10.25.1_1,26508
IDN.10.25.2_1,64555
IDN.10.25.3_1,51718
IDN.10.25.4_1,20672
IDN.10.25.5_1,17163
IDN.10.25.6_1,51705
IDN.10.25.7_1,40531
IDN.10.25.8_1,89962
IDN.10.25.9_1,4688
IDN.10.25.10_1,29017
IDN.10.25.11_1,54619
IDN.10.25.12_1,22607
IDN.10.25.13_1,51321
IDN.10.25.14_1,26799
IDN.10.25.15_1,60488
IDN.10.25.16_1,87051
IDN.10.26.1_1,69844
IDN.10.26.2_1,32917
IDN.10.26.3_1,36444
IDN.10.26.4_1,43564
IDN.10.26.5_1,37386
IDN.10.26.6_1,45707
IDN.10.26.7_1,31181
IDN.10.26.8_1,95174
IDN.10.26.9_1,34125
IDN.10.26.10_1,31745
IDN.10.26.11_1,39940
IDN.10.26.12_1,18435
IDN.10.26.13_1,78126
IDN.10.26.14_1,36548
IDN.10.27.1_1,52727
IDN.10.27.2_1,40544
IDN.10.27.3_1,53048
IDN.10.27.4_1,37903
IDN.10.28.1_1,70776
IDN.10.28.2_1,20130
IDN.10.28.3_1,55148
IDN.10.28.4_1,37055
IDN.10.28.5_1,76549
IDN.10.28.6_1,90417
IDN.10.28.7_1,23805
IDN.10.28.8_1,81283
IDN.10.28.9_1,41559
IDN.10.28.10_1,40165
IDN.10.28.11_1,38472
IDN.10.28.12_1,58540
IDN.10.28.13_1,32726
IDN.10.28.14_1,32029
IDN.10.28.15_1,20728
IDN.10.28.16_1,99636
IDN.10.28.17_1,65355
IDN.10.28.18_1,80621
IDN.10.28.19_1,84292
IDN.10.28.20_1,1225
IDN.10.29.1_1,63899
IDN.10.29.2_1,9282
IDN.10.29.3_1,81236
IDN.10.29.4_1,8450
IDN.10.29.5_1,54652
IDN.10.29.6_1,61317
IDN.10.29.7_1,50453
IDN.10.29.8_1,87523
IDN.10.29.9_1,42386
IDN.10.29.10_1,8997
IDN.10.29.11_1,54141
IDN.10.29.12_1,39368
IDN.10.29.13_1,34327
IDN.10.29.14_1,57859
IDN.10.29.15_1,71105
IDN.10.29.16_1,70025
IDN.10.29.17_1,14565
IDN.10.29.18_1,42866
IDN.10.29.19_1,10295
IDN.10.29.20_1,42784
IDN.10.30.1_1,49632
IDN.10.30.2_1,77943
IDN.10.30.3_1,38041
IDN.10.30.4_1,58063
IDN.10.30.5_1,112846
IDN.10.30.6_1,100578
IDN.10.30.7_1,89848
IDN.10.30.8_1,85694
IDN.10.30.9_1,74886
IDN.10.30.10_1,99098
IDN.10.30.11_1,58636
IDN.10.30.12_1,61471
IDN.10.31.1_1,111370
IDN.10.31.2_1,89964
IDN.10.31.3_1,70269
IDN.10.31.4_1,36900
IDN.10.31.5_1,23576
IDN.10.32.1_1,96547
IDN.10.32.2_1,124287
IDN.10.32.3_1,48059
IDN.10.32.4_1,84384
IDN.10.32.5_1,76097
IDN.10.32.6_1,40289
IDN.10.32.7_1,42883
IDN.10.32.8_1,20702
IDN.10.32.9_1,121843
IDN.10.32.10_1,98702
IDN.10.32.11_1,167679
IDN.10.32.12_1,64080
IDN.10.32.13_1,83221
IDN.10.32.14_1,79456
IDN.10.32.15_1,73219
IDN.10.32.16_1,75229
IDN.10.32.17_1,61194
IDN.10.32.18_1,45169
IDN.10.33.1_1,20948
IDN.10.33.2_1,19627
IDN.10.33.3_1,60074
IDN.10.33.4_1,35132
IDN.10.33.5_1,18876
IDN.10.33.6_1,33993
IDN.10.33.7_1,34031
IDN.10.33.8_1,31613
IDN.10.33.9_1,42286
IDN.10.33.10_1,46657
IDN.10.33.11_1,50096
IDN.10.33.12_1,63419
IDN.10.33.13_1,43778
IDN.10.33.14_1,47774
IDN.10.33.15_1,13230
IDN.10.33.16_1,84744
IDN.10.33.17_1,22653
IDN.10.33.18_1,24185
IDN.10.33.19_1,21146
IDN.10.33.20_1,25567
IDN.10.34.1_1,66
IDN.10.35.1_1,76197
IDN.10.35.2_1,5511
IDN.10.35.3_1,14590
IDN.10.35.4_1,60710
IDN.10.35.5_1,41318
IDN.10.35.6_1,12367
IDN.10.35.7_1,48435
IDN.10.35.8_1,20502
IDN.10.35.9_1,11713
IDN.10.35.10_1,44598
IDN.10.35.11_1,1362
IDN.10.35.12_1,8450
IDN.10.35.13_1,48659
IDN.10.35.14_1,57432
IDN.10.35.15_1,35124
IDN.10.35.16_1,10025
IDN.10.35.17_1,58881
IDN.10.35.18_1,7021
IDN.10.35.19_1,41455
IDN.10.35.20_1,62705
IDN.10.35.21_1,24083
IDN.10.35.22_1,23182
IDN.10.35.23_1,18061
IDN.10.35.24_1,3323
IDN.10.35.25_1,96429
IDN.10.35.26_1,61905
IDN.10.36.1_1,46736
IDN.10.36.2_1,11295
IDN.10.36.3_1,85424
IDN.10.36.4_1,26410
IDN.10.36.5_1,95128
IDN.10.36.6_1,37022
IDN.10.36.7_1,113709
IDN.10.36.8_1,45318
IDN.10.36.9_1,50231
IDN.10.36.10_1,45949
IDN.10.36.11_1,58695
IDN.10.36.12_1,30961
IDN.10.36.13_1,33175
IDN.10.36.14_1,31698
IDN.10.36.15_1,77798
IDN.11.1.1_1,56680
IDN.11.1.2_1,141253
IDN.11.1.3_1,49275
IDN.11.1.4_1,119400
IDN.11.1.5_1,37025
IDN.11.1.6_1,26317
IDN.11.1.7_1,68249
IDN.11.1.8_1,64869
IDN.11.1.9_1,11512
IDN.11.1.10_1,9610
IDN.11.1.11_1,60025
IDN.11.1.12_1,77693
IDN.11.1.13_1,39858
IDN.11.1.14_1,29159
IDN.11.1.15_1,78950
IDN.11.1.16_1,55931
IDN.11.1.17_1,56973
IDN.11.1.18_1,32835
IDN.11.2.1_1,87939
IDN.11.2.2_1,64070
IDN.11.2.3_1,62838
IDN.11.2.4_1,85325
IDN.11.2.5_1,92237
IDN.11.2.6_1,17852
IDN.11.2.7_1,26519
IDN.11.2.8_1,98537
IDN.11.2.9_1,41291
IDN.11.2.10_1,34956
IDN.11.2.11_1,47725
IDN.11.2.12_1,18059
IDN.11.2.13_1,96624
IDN.11.2.14_1,90158
IDN.11.2.15_1,101859
IDN.11.2.16_1,64258
IDN.11.2.17_1,113474
IDN.11.2.18_1,62212
IDN.11.2.19_1,77530
IDN.11.2.20_1,43247
IDN.11.2.21_1,87241
IDN.11.2.22_1,122981
IDN.11.2.23_1,40491
IDN.11.2.24_1,46963
IDN.11.3.1_1,97733
IDN.11.3.2_1,69602
IDN.11.3.3_1,40978
IDN.11.4.1_1,10045
IDN.11.4.2_1,65132
IDN.11.4.3_1,21372
IDN.11.4.4_1,61154
IDN.11.4.5_1,63639
IDN.11.4.6_1,65579
IDN.11.4.7_1,83052
IDN.11.4.8_1,55715
IDN.11.4.9_1,67611
IDN.11.4.10_1,53626
IDN.11.4.11_1,84187
IDN.11.4.12_1,42027
IDN.11.4.13_1,50864
IDN.11.4.14_1,36134
IDN.11.4.15_1,49516
IDN.11.4.16_1,72752
IDN.11.4.17_1,83101
IDN.11.4.18_1,40316
IDN.11.4.19_1,39917
IDN.11.4.20_1,56374
IDN.11.4.21_1,57332
IDN.11.4.22_1,20081
IDN.11.5.1_1,60942
IDN.11.5.2_1,93332
IDN.11.5.3_1,128831
IDN.11.5.4_1,8477
IDN.11.5.5_1,731
IDN.11.5.6_1,76068
IDN.11.5.7_1,24138
IDN.11.5.8_1,87530
IDN.11.5.9_1,67433
IDN.11.5.10_1,61988
IDN.11.5.11_1,27701
IDN.11.5.12_1,10972
IDN.11.5.13_1,58437
IDN.11.5.14_1,55748
IDN.11.5.15_1,29847
IDN.11.5.16_1,16447
IDN.11.5.17_1,6004
IDN.11.5.18_1,85858
IDN.11.5.19_1,35352
IDN.11.5.20_1,46100
IDN.11.5.21_1,17870
IDN.11.5.22_1,20317
IDN.11.5.23_1,32978
IDN.11.5.24_1,31486
IDN.11.5.25_1,62694
IDN.11.5.26_1,26970
IDN.11.5.27_1,31263
IDN.11.5.28_1,35691
IDN.11.6.1_1,9357
IDN.11.6.2_1,99654
IDN.11.6.3_1,10805
IDN.11.6.4_1,39583
IDN.11.6.5_1,22478
IDN.11.6.6_1,49632
IDN.11.6.7_1,38994
IDN.11.6.8_1,21580
IDN.11.6.9_1,36376
IDN.11.6.10_1,6428
IDN.11.6.11_1,28190
IDN.11.6.12_1,33906
IDN.11.6.13_1,60706
IDN.11.6.14_1,5656
IDN.11.6.15_1,13249
IDN.11.6.16_1,25826
IDN.11.6.17_1,35672
IDN.11.6.18_1,45214
IDN.11.6.19_1,27004
IDN.11.6.20_1,67660
IDN.11.6.21_1,24472
IDN.11.6.22_1,56388
IDN.11.6.23_1,22593
IDN.11.7.1_1,94435
IDN.11.7.2_1,63710
IDN.11.7.3_1,54806
IDN.11.7.4_1,59548
IDN.11.7.5_1,195967
IDN.11.7.6_1,16726
IDN.11.7.7_1,45270
IDN.11.7.8_1,92594
IDN.11.7.9_1,109215
IDN.11.7.10_1,75695
IDN.11.7.11_1,92873
IDN.11.7.12_1,184641
IDN.11.7.13_1,47874
IDN.11.7.14_1,36564
IDN.11.7.15_1,36783
IDN.11.7.16_1,16642
IDN.11.7.17_1,32028
IDN.11.7.18_1,134782
IDN.11.8.1_1,87301
IDN.11.8.2_1,180226
IDN.11.8.3_1,27285
IDN.11.8.4_1,123933
IDN.11.8.5_1,99076
IDN.11.8.6_1,134249
IDN.11.8.7_1,16176
IDN.11.8.8_1,96418
IDN.11.8.9_1,79426
IDN.11.8.10_1,62942
IDN.11.8.11_1,113622
IDN.11.8.12_1,87967
IDN.11.8.13_1,60493
IDN.11.8.14_1,33811
IDN.11.8.15_1,46143
IDN.11.8.16_1,37036
IDN.11.8.17_1,24507
IDN.11.8.18_1,70135
IDN.11.8.19_1,195167
IDN.11.8.20_1,71498
IDN.11.8.21_1,61261
IDN.11.8.22_1,65830
IDN.11.8.23_1,28469
IDN.11.8.24_1,66120
IDN.11.8.25_1,59462
IDN.11.8.26_1,36368
IDN.11.8.27_1,134106
IDN.11.8.28_1,52974
IDN.11.8.29_1,62625
IDN.11.8.30_1,105379
IDN.11.8.31_1,180303
IDN.11.9.1_1,87404
IDN.11.9.2_1,36536
IDN.11.9.3_1,95691
IDN.11.9.4_1,54507
IDN.11.9.5_1,46378
IDN.11.9.6_1,127337
IDN.11.9.7_1,48877
IDN.11.9.8_1,67690
IDN.11.9.9_1,24594
IDN.11.9.10_1,40890
IDN.11.9.11_1,66973
IDN.11.9.12_1,58553
IDN.11.9.13_1,88706
IDN.11.9.14_1,28273
IDN.11.9.15_1,67772
IDN.11.9.16_1,70924
IDN.11.9.17_1,50236
IDN.11.9.18_1,55889
IDN.11.9.19_1,86887
IDN.11.9.20_1,61303
IDN.11.9.21_1,21082
IDN.11.10.1_1,79062
IDN.11.10.2_1,33704
IDN.11.10.3_1,34327
IDN.11.10.4_1,24609
IDN.11.10.5_1,107225
IDN.11.10.6_1,40846
IDN.11.10.7_1,81802
IDN.11.10.8_1,46556
IDN.11.10.9_1,75729
IDN.11.10.10_1,49721
IDN.11.10.11_1,29546
IDN.11.10.12_1,41527
IDN.11.10.13_1,62868
IDN.11.10.14_1,81592
IDN.11.10.15_1,75347
IDN.11.10.16_1,53628
IDN.11.10.17_1,45682
IDN.11.10.18_1,111060
IDN.11.10.19_1,60664
IDN.11.10.20_1,115256
IDN.11.10.21_1,64653
IDN.11.10.22_1,45625
IDN.11.10.23_1,53276
IDN.11.10.24_1,25665
IDN.11.10.25_1,29138
IDN.11.10.26_1,113518
IDN.11.11.1_1,43015
IDN.11.11.2_1,57649
IDN.11.11.3_1,41886
IDN.11.12.1_1,94601
IDN.11.12.2_1,102634
IDN.11.12.3_1,92939
IDN.11.13.1_1,51940
IDN.11.13.2_1,68672
IDN.11.13.3_1,70014
IDN.11.14.1_1,201369
IDN.11.14.2_1,213948
IDN.11.14.3_1,154894
IDN.11.14.4_1,265774
IDN.11.14.5_1,187020
IDN.11.15.1_1,82277
IDN.11.15.2_1,55038
IDN.11.16.1_1,63848
IDN.11.16.2_1,61124
IDN.11.16.3_1,62229
IDN.11.17.1_1,59236
IDN.11.17.2_1,44150
IDN.11.17.3_1,46650
IDN.11.17.4_1,45080
IDN.11.17.5_1,44233
IDN.11.18.1_1,69780
IDN.11.18.2_1,17135
IDN.11.18.3_1,29941
IDN.11.18.4_1,31970
IDN.11.18.5_1,5500
IDN.11.18.6_1,17499
IDN.11.18.7_1,29832
IDN.11.18.8_1,10120
IDN.11.18.9_1,58036
IDN.11.18.10_1,57303
IDN.11.18.11_1,71813
IDN.11.18.12_1,32844
IDN.11.18.13_1,42274
IDN.11.18.14_1,89780
IDN.11.18.15_1,35630
IDN.11.18.16_1,78493
IDN.11.18.17_1,54782
IDN.11.18.18_1,47086
IDN.11.18.19_1,66157
IDN.11.18.20_1,23746
IDN.11.18.21_1,66159
IDN.11.18.22_1,41180
IDN.11.18.23_1,45803
IDN.11.18.24_1,46818
IDN.11.18.25_1,20061
IDN.11.18.26_1,55887
IDN.11.18.27_1,33682
IDN.11.19.1_1,57288
IDN.11.19.2_1,2751
IDN.11.19.3_1,58676
IDN.11.19.4_1,40074
IDN.11.19.5_1,38986
IDN.11.19.6_1,59463
IDN.11.19.7_1,63359
IDN.11.19.8_1,17720
IDN.11.19.9_1,83908
IDN.11.19.10_1,24615
IDN.11.19.11_1,31090
IDN.11.19.12_1,68863
IDN.11.19.13_1,50025
IDN.11.19.14_1,64456
IDN.11.19.15_1,27892
IDN.11.19.16_1,44473
IDN.11.19.17_1,31341
IDN.11.19.18_1,30699
IDN.11.19.19_1,98177
IDN.11.19.20_1,25017
IDN.11.19.21_1,109981
IDN.11.20.1_1,78602
IDN.11.20.2_1,24474
IDN.11.20.3_1,59365
IDN.11.20.4_1,44154
IDN.11.20.5_1,14719
IDN.11.20.6_1,58426
IDN.11.20.7_1,7404
IDN.11.20.8_1,52953
IDN.11.20.9_1,41575
IDN.11.20.10_1,44291
IDN.11.20.11_1,52287
IDN.11.20.12_1,98879
IDN.11.20.13_1,34256
IDN.11.20.14_1,30964
IDN.11.20.15_1,44359
IDN.11.21.1_1,21396
IDN.11.21.2_1,52534
IDN.11.21.3_1,22132
IDN.11.21.4_1,33207
IDN.11.21.5_1,18053
IDN.11.21.6_1,56570
IDN.11.21.7_1,43701
IDN.11.21.8_1,58632
IDN.11.21.9_1,55349
IDN.11.21.10_1,34996
IDN.11.21.11_1,19709
IDN.11.21.12_1,35234
IDN.11.21.13_1,43804
IDN.11.21.14_1,34137
IDN.11.21.15_1,14577
IDN.11.21.16_1,13393
IDN.11.21.17_1,47038
IDN.11.21.18_1,25033
IDN.11.22.1_1,48801
IDN.11.22.2_1,46066
IDN.11.22.3_1,86168
IDN.11.22.4_1,88127
IDN.11.22.5_1,95264
IDN.11.22.6_1,51646
IDN.11.22.7_1,32137
IDN.11.22.8_1,118350
IDN.11.22.9_1,49581
IDN.11.22.10_1,90085
IDN.11.22.11_1,85096
IDN.11.22.12_1,29878
IDN.11.22.13_1,113525
IDN.11.22.14_1,64124
IDN.11.22.15_1,84716
IDN.11.22.16_1,65974
IDN.11.22.17_1,71676
IDN.11.22.18_1,36296
IDN.11.22.19_1,67079
IDN.11.22.21_1,175659
IDN.11.22.20_1,110522
IDN.11.22.22_1,78673
IDN.11.22.23_1,85381
IDN.11.22.24_1,186631
IDN.11.22.25_1,71193
IDN.11.22.26_1,62101
IDN.11.22.27_1,52418
IDN.11.22.28_1,35115
IDN.11.22.29_1,59144
IDN.11.22.30_1,100460
IDN.11.22.31_1,77663
IDN.11.22.32_1,65874
IDN.11.22.33_1,52497
IDN.11.23.1_1,45944
IDN.11.23.2_1,43169
IDN.11.23.3_1,67278
IDN.11.23.4_1,52624
IDN.11.23.5_1,49866
IDN.11.23.6_1,30460
IDN.11.23.7_1,103447
IDN.11.23.8_1,59088
IDN.11.23.9_1,91474
IDN.11.23.10_1,47699
IDN.11.23.11_1,61406
IDN.11.23.12_1,126470
IDN.11.23.13_1,66037
IDN.11.23.14_1,92117
IDN.11.23.15_1,71314
IDN.11.23.16_1,52350
IDN.11.23.17_1,28589
IDN.11.23.18_1,66037
IDN.11.24.1_1,69613
IDN.11.24.2_1,53347
IDN.11.24.3_1,29515
IDN.11.24.4_1,46145
IDN.11.24.5_1,34467
IDN.11.24.6_1,58782
IDN.11.24.7_1,35605
IDN.11.24.8_1,57172
IDN.11.24.9_1,72283
IDN.11.24.10_1,15555
IDN.11.24.11_1,9969
IDN.11.24.12_1,82938
IDN.11.24.13_1,55719
IDN.11.24.14_1,71735
IDN.11.24.15_1,66512
IDN.11.24.16_1,88184
IDN.11.24.17_1,20168
IDN.11.24.18_1,58526
IDN.11.24.19_1,92014
IDN.11.24.20_1,49304
IDN.11.25.1_1,26988
IDN.11.25.2_1,55280
IDN.11.25.3_1,34838
IDN.11.25.4_1,26381
IDN.11.25.5_1,9475
IDN.11.25.6_1,52820
IDN.11.25.7_1,13033
IDN.11.25.8_1,60202
IDN.11.25.9_1,34048
IDN.11.25.10_1,29433
IDN.11.25.11_1,37051
IDN.11.25.12_1,105865
IDN.11.25.13_1,37382
IDN.11.25.14_1,34584
IDN.11.25.15_1,32050
IDN.11.25.16_1,103013
IDN.11.25.17_1,29295
IDN.11.25.18_1,22536
IDN.11.25.19_1,67290
IDN.11.26.1_1,47470
IDN.11.26.2_1,19712
IDN.11.26.3_1,64161
IDN.11.26.4_1,25629
IDN.11.26.5_1,9148
IDN.11.26.6_1,44203
IDN.11.26.7_1,145124
IDN.11.26.8_1,48525
IDN.11.26.9_1,81096
IDN.11.26.10_1,16755
IDN.11.26.11_1,30907
IDN.11.26.12_1,22284
IDN.11.27.1_1,69989
IDN.11.27.2_1,54725
IDN.11.27.3_1,44140
IDN.11.27.4_1,59907
IDN.11.27.5_1,143044
IDN.11.27.6_1,61361
IDN.11.27.7_1,51616
IDN.11.27.8_1,132432
IDN.11.27.9_1,62815
IDN.11.27.10_1,49806
IDN.11.27.11_1,61327
IDN.11.27.12_1,62001
IDN.11.27.13_1,59187
IDN.11.28.1_1,65032
IDN.11.28.2_1,113035
IDN.11.28.3_1,187255
IDN.11.28.4_1,61585
IDN.11.28.5_1,73046
IDN.11.28.6_1,73229
IDN.11.28.7_1,75889
IDN.11.28.8_1,53411
IDN.11.28.9_1,22145
IDN.11.28.10_1,59141
IDN.11.28.11_1,146877
IDN.11.28.12_1,29675
IDN.11.28.13_1,29116
IDN.11.28.14_1,104183
IDN.11.28.15_1,63130
IDN.11.28.16_1,102351
IDN.11.28.17_1,9812
IDN.11.28.18_1,47590
IDN.11.28.19_1,60554
IDN.11.28.20_1,106991
IDN.11.28.21_1,43444
IDN.11.28.22_1,52004
IDN.11.28.23_1,39712
IDN.11.28.24_1,65255
IDN.11.29.1_1,86823
IDN.11.29.2_1,32344
IDN.11.29.3_1,43402
IDN.11.29.4_1,35421
IDN.11.29.5_1,34436
IDN.11.29.6_1,71222
IDN.11.29.7_1,42174
IDN.11.29.8_1,53951
IDN.11.29.9_1,28232
IDN.11.29.10_1,5290
IDN.11.29.11_1,2419
IDN.11.29.12_1,65822
IDN.11.29.13_1,6649
IDN.11.29.14_1,42951
IDN.11.29.15_1,38756
IDN.11.29.16_1,62741
IDN.11.29.17_1,27106
IDN.11.29.18_1,46151
IDN.11.29.19_1,42493
IDN.11.29.20_1,8503
IDN.11.29.21_1,78989
IDN.11.30.1_1,31197
IDN.11.30.2_1,48079
IDN.11.30.3_1,22864
IDN.11.30.4_1,65411
IDN.11.30.5_1,35604
IDN.11.30.6_1,51141
IDN.11.30.7_1,31939
IDN.11.30.8_1,74247
IDN.11.30.9_1,49443
IDN.11.30.10_1,17863
IDN.11.30.11_1,6146
IDN.11.30.12_1,51823
IDN.11.30.13_1,13421
IDN.11.30.14_1,58605
IDN.11.30.15_1,106029
IDN.11.30.16_1,44379
IDN.11.30.17_1,21686
IDN.11.30.18_1,182834
IDN.11.30.20_1,50663
IDN.11.30.19_1,64371
IDN.11.30.21_1,46977
IDN.11.30.22_1,24317
IDN.11.30.23_1,58270
IDN.11.30.24_1,31921
IDN.11.31.1_1,132129
IDN.11.31.2_1,70024
IDN.11.31.3_1,46244
IDN.11.31.4_1,55264
IDN.11.31.5_1,40269
IDN.11.31.6_1,138729
IDN.11.31.7_1,44957
IDN.11.31.8_1,28158
IDN.11.31.9_1,31219
IDN.11.31.10_1,197926
IDN.11.31.11_1,117475
IDN.11.31.12_1,41776
IDN.11.31.13_1,27973
IDN.11.31.14_1,50243
IDN.11.32.1_1,104749
IDN.11.32.2_1,127438
IDN.11.32.3_1,149726
IDN.11.32.4_1,145634
IDN.11.32.5_1,73459
IDN.11.32.6_1,107388
IDN.11.32.7_1,155074
IDN.11.32.8_1,95999
IDN.11.32.9_1,115350
IDN.11.32.10_1,114812
IDN.11.32.11_1,210609
IDN.11.32.12_1,134876
IDN.11.32.13_1,202766
IDN.11.32.14_1,106185
IDN.11.32.15_1,112913
IDN.11.32.16_1,126403
IDN.11.32.17_1,194482
IDN.11.32.18_1,134730
IDN.11.33.1_1,35174
IDN.11.33.2_1,58946
IDN.11.33.3_1,19854
IDN.11.33.4_1,63366
IDN.11.33.5_1,39618
IDN.11.33.6_1,19559
IDN.11.33.7_1,40016
IDN.11.33.8_1,11865
IDN.11.33.9_1,65717
IDN.11.33.10_1,39247
IDN.11.33.11_1,43421
IDN.11.33.12_1,18086
IDN.11.33.13_1,70771
IDN.11.33.14_1,83033
IDN.11.33.15_1,61276
IDN.11.33.16_1,30367
IDN.11.33.17_1,4706
IDN.11.34.1_1,30138
IDN.11.34.2_1,43405
IDN.11.34.3_1,35503
IDN.11.34.4_1,34971
IDN.11.34.5_1,46022
IDN.11.34.6_1,43815
IDN.11.34.7_1,47651
IDN.11.34.8_1,37985
IDN.11.34.9_1,43480
IDN.11.34.10_1,29143
IDN.11.34.11_1,15173
IDN.11.34.12_1,4550
IDN.11.34.13_1,87059
IDN.11.34.14_1,28400
IDN.11.34.15_1,29197
IDN.11.34.16_1,85554
IDN.11.34.17_1,69122
IDN.11.34.18_1,35246
IDN.11.34.19_1,11273
IDN.11.34.20_1,1923
IDN.11.34.21_1,54991
IDN.11.34.22_1,41969
IDN.11.34.23_1,37330
IDN.11.34.24_1,77090
IDN.11.34.25_1,36699
IDN.11.34.26_1,34824
IDN.11.34.27_1,37139
IDN.11.35.1_1,122811
IDN.11.35.2_1,74904
IDN.11.35.3_1,43788
IDN.11.35.4_1,39664
IDN.11.35.5_1,111370
IDN.11.35.6_1,83557
IDN.11.35.7_1,58080
IDN.11.35.8_1,106397
IDN.11.35.9_1,70322
IDN.11.35.10_1,60884
IDN.11.35.11_1,96674
IDN.11.35.12_1,89881
IDN.11.35.13_1,86468
IDN.11.35.14_1,142570
IDN.11.35.15_1,150665
IDN.11.35.16_1,71114
IDN.11.35.17_1,60770
IDN.11.35.18_1,132205
IDN.11.35.19_1,118296
IDN.11.35.20_1,104874
IDN.11.35.21_1,87695
IDN.11.35.22_1,42234
IDN.11.35.23_1,108839
IDN.11.35.24_1,147920
IDN.11.35.25_1,130568
IDN.11.35.26_1,93156
IDN.11.35.27_1,59695
IDN.11.35.28_1,86802
IDN.11.35.29_1,99850
IDN.11.35.30_1,95148
IDN.11.35.31_1,124902
IDN.11.36.1_1,6926
IDN.11.36.2_1,17286
IDN.11.36.3_1,104215
IDN.11.36.4_1,76913
IDN.11.36.5_1,25074
IDN.11.36.6_1,67102
IDN.11.36.7_1,43670
IDN.11.36.8_1,29358
IDN.11.36.9_1,96560
IDN.11.36.10_1,6608
IDN.11.36.11_1,13340
IDN.11.36.12_1,84486
IDN.11.36.13_1,55887
IDN.11.36.14_1,73944
IDN.11.37.1_1,45741
IDN.11.37.2_1,33118
IDN.11.37.3_1,12379
IDN.11.37.4_1,65268
IDN.11.37.5_1,96983
IDN.11.37.6_1,20714
IDN.11.37.7_1,93633
IDN.11.37.8_1,60208
IDN.11.37.9_1,63562
IDN.11.37.10_1,61189
IDN.11.37.11_1,117024
IDN.11.37.12_1,68230
IDN.11.37.13_1,53098
IDN.11.37.14_1,84903
IDN.11.37.15_1,26219
IDN.11.37.16_1,49288
IDN.11.37.17_1,78115
IDN.11.37.18_1,35620
IDN.11.37.19_1,66889
IDN.11.37.20_1,42429
IDN.11.38.1_1,40075
IDN.11.38.2_1,53599
IDN.11.38.3_1,94727
IDN.11.38.4_1,60584
IDN.11.38.5_1,73183
IDN.11.38.6_1,65379
IDN.11.38.7_1,34660
IDN.11.38.8_1,59146
IDN.11.38.9_1,87586
IDN.11.38.10_1,72595
IDN.11.38.11_1,74453
IDN.11.38.12_1,19156
IDN.11.38.13_1,50861
IDN.11.38.14_1,17298
IDN.11.38.15_1,86717
IDN.11.38.16_1,26566
IDN.11.38.17_1,72747
IDN.11.38.18_1,8413
IDN.11.38.19_1,59845
IDN.12.1.1_1,29692
IDN.12.1.2_1,5860
IDN.12.1.3_1,9124
IDN.12.1.4_1,7081
IDN.12.1.5_1,13455
IDN.12.1.6_1,10556
IDN.12.1.7_1,80692
IDN.12.1.8_1,21625
IDN.12.1.9_1,7479
IDN.12.1.10_1,13342
IDN.12.1.11_1,4221
IDN.12.1.12_1,6548
IDN.12.1.14_1,10489
IDN.12.1.13_1,33406
IDN.12.1.15_1,1867
IDN.12.1.16_1,17646
IDN.12.1.17_1,8516
IDN.12.2.1_1,33832
IDN.12.2.2_1,21254
IDN.12.2.3_1,1686
IDN.12.2.4_1,6554
IDN.12.2.5_1,4107
IDN.12.2.6_1,5029
IDN.12.2.7_1,39434
IDN.12.2.8_1,3806
IDN.12.2.9_1,13372
IDN.12.2.10_1,8276
IDN.12.2.11_1,4258
IDN.12.2.12_1,1949
IDN.12.2.13_1,16943
IDN.12.2.14_1,2764
IDN.12.2.15_1,4889
IDN.12.2.16_1,4147
IDN.12.2.17_1,6126
IDN.12.2.18_1,14852
IDN.12.2.19_1,23351
IDN.12.2.20_1,2021
IDN.12.2.21_1,14925
IDN.12.2.22_1,7674
IDN.12.2.23_1,14353
IDN.12.2.24_1,2804
IDN.12.2.25_1,14396
IDN.12.3.1_1,25609
IDN.12.3.2_1,7966
IDN.12.3.3_1,23436
IDN.12.3.4_1,30989
IDN.12.3.5_1,11864
IDN.12.4.1_1,24045
IDN.12.4.2_1,32557
IDN.12.4.3_1,107419
IDN.12.4.4_1,9304
IDN.12.4.5_1,12187
IDN.12.4.6_1,102156
IDN.12.4.7_1,36234
IDN.12.4.8_1,25173
IDN.12.4.9_1,39044
IDN.12.4.10_1,10253
IDN.12.4.11_1,11630
IDN.12.4.12_1,24294
IDN.12.4.13_1,3426
IDN.12.4.14_1,21391
IDN.12.4.15_1,13374
IDN.12.4.16_1,26559
IDN.12.4.17_1,12679
IDN.12.4.18_1,11730
IDN.12.4.19_1,9598
IDN.12.4.20_1,7782
IDN.12.5.1_1,75946
IDN.12.5.2_1,96569
IDN.12.5.3_1,86235
IDN.12.5.4_1,59722
IDN.12.5.5_1,57072
IDN.12.5.6_1,101281
IDN.12.6.1_1,43661
IDN.12.6.2_1,24954
IDN.12.6.3_1,44234
IDN.12.6.4_1,43968
IDN.12.6.5_1,110157
IDN.12.6.6_1,146966
IDN.12.6.7_1,326491
IDN.12.6.8_1,12993
IDN.12.6.9_1,10054
IDN.12.7.1_1,11487
IDN.12.7.2_1,11175
IDN.12.7.3_1,13348
IDN.12.7.4_1,8624
IDN.12.7.5_1,63227
IDN.12.7.6_1,21915
IDN.12.7.7_1,28941
IDN.12.7.8_1,16597
IDN.12.7.9_1,4783
IDN.12.7.10_1,106501
IDN.12.7.11_1,35792
IDN.12.7.12_1,39014
IDN.12.7.13_1,7629
IDN.12.8.2_1,29926
IDN.12.8.1_1,10589
IDN.12.8.3_1,23570
IDN.12.8.4_1,12097
IDN.12.8.5_1,71827
IDN.12.8.6_1,10889
IDN.12.8.7_1,17213
IDN.12.8.8_1,10401
IDN.12.8.9_1,16994
IDN.12.8.11_1,15339
IDN.12.8.10_1,9972
IDN.12.9.1_1,17310
IDN.12.9.2_1,37768
IDN.12.9.3_1,28910
IDN.12.9.4_1,11079
IDN.12.9.5_1,13727
IDN.12.9.6_1,82348
IDN.12.9.7_1,16822
IDN.12.9.8_1,42618
IDN.12.9.9_1,11502
IDN.12.10.1_1,10205
IDN.12.10.3_1,85014
IDN.12.10.2_1,9898
IDN.12.10.4_1,68535
IDN.12.10.5_1,34314
IDN.12.10.6_1,4725
IDN.12.10.7_1,16325
IDN.12.10.8_1,9375
IDN.12.10.9_1,97284
IDN.12.10.10_1,54539
IDN.12.10.11_1,11269
IDN.12.10.13_1,41419
IDN.12.10.12_1,22890
IDN.12.10.14_1,14978
IDN.12.10.15_1,7813
IDN.12.10.16_1,43161
IDN.12.10.17_1,65724
IDN.12.10.18_1,29243
IDN.12.10.19_1,94176
IDN.12.11.1_1,11790
IDN.12.11.2_1,7939
IDN.12.11.3_1,13563
IDN.12.11.4_1,16626
IDN.12.11.5_1,19279
IDN.12.11.6_1,110611
IDN.12.11.7_1,20307
IDN.12.11.8_1,42872
IDN.12.11.9_1,34127
IDN.12.11.10_1,5688
IDN.12.11.11_1,25795
IDN.12.11.12_1,28424
IDN.12.11.13_1,73429
IDN.12.11.14_1,30987
IDN.12.11.15_1,32054
IDN.12.12.3_1,4450
IDN.12.12.1_1,17631
IDN.12.12.2_1,13581
IDN.12.12.4_1,10215
IDN.12.12.5_1,15414
IDN.12.12.6_1,125330
IDN.12.12.7_1,20467
IDN.12.13.1_1,60158
IDN.12.13.2_1,54176
IDN.12.13.3_1,62219
IDN.12.13.4_1,56753
IDN.12.13.5_1,33868
IDN.12.14.1_1,4880
IDN.12.14.2_1,11796
IDN.12.14.3_1,27692
IDN.12.14.4_1,11741
IDN.12.14.5_1,11472
IDN.12.14.6_1,8370
IDN.12.14.7_1,11694
IDN.12.14.8_1,6709
IDN.12.14.9_1,9732
IDN.12.14.10_1,34445
IDN.12.14.11_1,21247
IDN.12.14.12_1,73591
IDN.12.14.13_1,25040
IDN.12.14.14_1,15261
IDN.13.1.1_1,11077
IDN.13.1.2_1,10607
IDN.13.1.3_1,8996
IDN.13.1.4_1,15746
IDN.13.1.5_1,12621
IDN.13.1.7_1,41519
IDN.13.1.6_1,14278
IDN.13.1.8_1,4081
IDN.13.3.1_1,40014
IDN.13.3.2_1,5016
IDN.13.3.3_1,62697
IDN.13.3.4_1,4992
IDN.13.3.5_1,50189
IDN.13.3.6_1,31760
IDN.13.3.7_1,25224
IDN.13.3.10_1,81995
IDN.13.3.8_1,22118
IDN.13.3.9_1,10207
IDN.13.3.11_1,32232
IDN.13.3.12_1,2333
IDN.13.3.13_1,28323
IDN.13.3.14_1,6723
IDN.13.3.15_1,86402
IDN.13.3.16_1,54597
IDN.13.3.17_1,48900
IDN.13.3.18_1,4382
IDN.13.3.19_1,11744
IDN.13.2.1_1,47027
IDN.13.2.2_1,70745
IDN.13.2.3_1,32967
IDN.13.2.4_1,92462
IDN.13.2.5_1,74715
IDN.13.4.1_1,151901
IDN.13.4.2_1,130007
IDN.13.4.3_1,107911
IDN.13.4.4_1,140421
IDN.13.4.5_1,159446
IDN.13.5.1_1,132697
IDN.13.5.2_1,12425
IDN.13.5.3_1,12199
IDN.13.5.4_1,19923
IDN.13.5.5_1,5289
IDN.13.5.6_1,7006
IDN.13.5.7_1,10329
IDN.13.5.8_1,3184
IDN.13.5.9_1,4919
IDN.13.5.10_1,3184
IDN.13.5.11_1,44250
IDN.13.5.12_1,11011
IDN.13.5.13_1,11187
IDN.13.5.14_1,1804
IDN.13.5.15_1,8753
IDN.13.5.16_1,42985
IDN.13.5.17_1,3218
IDN.13.6.1_1,24620
IDN.13.6.2_1,16226
IDN.13.6.3_1,22916
IDN.13.6.4_1,27916
IDN.13.6.5_1,6237
IDN.13.6.6_1,42237
IDN.13.6.7_1,5202
IDN.13.6.8_1,31136
IDN.13.6.9_1,7923
IDN.13.6.10_1,27124
IDN.13.6.11_1,11503
IDN.13.7.1_1,52824
IDN.13.7.2_1,33756
IDN.13.7.3_1,1948
IDN.13.7.4_1,18997
IDN.13.7.5_1,25367
IDN.13.7.6_1,5317
IDN.13.7.7_1,24316
IDN.13.7.8_1,36981
IDN.13.7.9_1,28978
IDN.13.7.10_1,7793
IDN.13.7.11_1,26612
IDN.13.8.1_1,26924
IDN.13.8.2_1,41944
IDN.13.8.3_1,27805
IDN.13.8.4_1,17935
IDN.13.8.5_1,27898
IDN.13.8.6_1,9315
IDN.13.8.7_1,20679
IDN.13.8.8_1,3139
IDN.13.8.9_1,28678
IDN.13.8.10_1,9016
IDN.13.9.1_1,10510
IDN.13.9.2_1,5817
IDN.13.9.3_1,39950
IDN.13.9.4_1,17466
IDN.13.9.5_1,10183
IDN.13.9.6_1,14146
IDN.13.9.7_1,20496
IDN.13.9.8_1,8476
IDN.13.9.9_1,21080
IDN.13.9.10_1,14598
IDN.13.9.11_1,8663
IDN.13.9.12_1,2031
IDN.13.9.13_1,2358
IDN.13.9.14_1,19197
IDN.13.9.15_1,61466
IDN.13.9.16_1,73005
IDN.13.9.17_1,19668
IDN.13.9.18_1,0
IDN.13.9.19_1,17540
IDN.13.9.20_1,29295
IDN.13.10.1_1,15944
IDN.13.10.2_1,6281
IDN.13.10.3_1,28848
IDN.13.10.4_1,5514
IDN.13.10.5_1,31516
IDN.13.10.6_1,5493
IDN.13.10.7_1,13974
IDN.13.10.8_1,83632
IDN.13.10.9_1,7184
IDN.13.10.10_1,43022
IDN.13.10.11_1,28274
IDN.13.10.12_1,32145
IDN.13.11.1_1,27211
IDN.13.11.2_1,31022
IDN.13.11.3_1,9438
IDN.13.11.4_1,22321
IDN.13.11.5_1,25188
IDN.13.11.6_1,84730
IDN.13.11.7_1,37455
IDN.13.11.8_1,68649
IDN.13.11.9_1,79612
IDN.13.11.10_1,12278
IDN.13.12.1_1,9554
IDN.13.12.2_1,48306
IDN.13.12.3_1,34263
IDN.13.12.4_1,1700
IDN.13.12.5_1,88096
IDN.13.12.6_1,66791
IDN.13.12.7_1,7059
IDN.13.12.8_1,13821
IDN.13.12.9_1,96110
IDN.13.12.10_1,21469
IDN.13.12.11_1,10302
IDN.13.13.1_1,6640
IDN.13.13.2_1,41022
IDN.13.13.3_1,15987
IDN.13.13.4_1,11024
IDN.13.13.5_1,10749
IDN.13.13.6_1,21444
IDN.13.13.7_1,41627
IDN.13.13.8_1,12530
IDN.13.13.9_1,12069
IDN.13.13.10_1,38168
IDN.13.13.11_1,16640
IDN.13.13.12_1,17196
IDN.14.1.1_1,53586
IDN.14.1.2_1,70649
IDN.14.1.3_1,6906
IDN.14.1.4_1,6150
IDN.14.1.5_1,17492
IDN.14.1.6_1,5529
IDN.14.2.1_1,3688
IDN.14.2.2_1,13162
IDN.14.2.3_1,10664
IDN.14.2.4_1,35120
IDN.14.2.5_1,11923
IDN.14.2.6_1,43318
IDN.14.2.7_1,7677
IDN.14.2.8_1,17434
IDN.14.2.9_1,8032
IDN.14.2.10_1,1052
IDN.14.3.1_1,1256
IDN.14.3.2_1,7962
IDN.14.3.3_1,36296
IDN.14.3.4_1,16940
IDN.14.3.5_1,61463
IDN.14.3.6_1,5581
IDN.14.4.1_1,7408
IDN.14.4.2_1,10485
IDN.14.4.3_1,42062
IDN.14.4.5_1,35741
IDN.14.4.4_1,13108
IDN.14.4.6_1,5973
IDN.14.4.7_1,5017
IDN.14.4.9_1,24155
IDN.14.4.8_1,8175
IDN.14.4.10_1,10240
IDN.14.4.11_1,11536
IDN.14.5.1_1,7368
IDN.14.5.2_1,4411
IDN.14.5.3_1,3564
IDN.14.5.4_1,3327
IDN.14.5.5_1,5217
IDN.14.5.6_1,2527
IDN.14.5.7_1,5034
IDN.14.5.8_1,11789
IDN.14.5.9_1,25463
IDN.14.5.10_1,7627
IDN.14.5.11_1,3645
IDN.14.5.12_1,107900
IDN.14.5.13_1,6049
IDN.14.5.14_1,6768
IDN.14.5.15_1,55041
IDN.14.5.16_1,4644
IDN.14.5.17_1,17398
IDN.14.6.1_1,3201
IDN.14.6.2_1,2855
IDN.14.6.3_1,18972
IDN.14.6.4_1,9768
IDN.14.6.5_1,82205
IDN.14.6.6_1,17489
IDN.14.6.7_1,2159
IDN.14.6.8_1,4521
IDN.14.6.9_1,7791
IDN.14.6.10_1,12227
IDN.14.6.11_1,4680
IDN.14.6.12_1,1513
IDN.14.6.13_1,4806
IDN.14.7.1_1,101740
IDN.14.7.2_1,30757
IDN.14.7.3_1,11848
IDN.14.7.4_1,34381
IDN.14.7.5_1,102059
IDN.14.7.6_1,24517
IDN.14.8.1_1,33295
IDN.14.8.2_1,65023
IDN.14.8.3_1,11278
IDN.14.8.5_1,23960
IDN.14.8.4_1,30942
IDN.14.8.6_1,9844
IDN.14.8.7_1,133533
IDN.14.8.8_1,14771
IDN.14.8.9_1,33762
IDN.14.8.10_1,21529
IDN.14.8.11_1,25427
IDN.14.8.12_1,7995
IDN.14.8.13_1,2645
IDN.14.8.14_1,24553
IDN.14.8.15_1,8269
IDN.14.9.1_1,5620
IDN.14.9.2_1,23400
IDN.14.9.4_1,37621
IDN.14.9.3_1,13967
IDN.14.9.5_1,7716
IDN.14.9.6_1,9254
IDN.14.9.7_1,2123
IDN.14.9.8_1,5828
IDN.14.10.1_1,14373
IDN.14.10.2_1,33813
IDN.14.10.3_1,25094
IDN.14.10.4_1,2831
IDN.14.10.5_1,2845
IDN.14.10.6_1,12579
IDN.14.10.7_1,3475
IDN.14.10.9_1,5271
IDN.14.10.8_1,5057
IDN.14.10.10_1,22159
IDN.14.11.1_1,128429
IDN.14.11.2_1,110190
IDN.14.11.3_1,27883
IDN.14.11.4_1,29098
IDN.14.11.5_1,8998
IDN.14.12.1_1,7717
IDN.14.12.2_1,2031
IDN.14.12.3_1,15728
IDN.14.12.4_1,5226
IDN.14.12.5_1,73977
IDN.14.12.6_1,5926
IDN.14.12.7_1,6684
IDN.14.12.8_1,3320
IDN.14.13.1_1,74701
IDN.14.13.2_1,49654
IDN.14.13.3_1,72541
IDN.14.13.4_1,13255
IDN.14.13.5_1,22185
IDN.14.14.1_1,9346
IDN.14.14.2_1,4650
IDN.14.14.3_1,13719
IDN.14.14.4_1,4229
IDN.14.14.5_1,30876
IDN.34.1.1_1,77459
IDN.34.1.2_1,267936
IDN.34.1.3_1,83534
IDN.34.1.4_1,91235
IDN.34.1.5_1,247187
IDN.34.2.1_1,11966
IDN.34.2.2_1,2362
IDN.34.2.3_1,12514
IDN.34.2.4_1,39082
IDN.34.2.5_1,10049
IDN.34.2.6_1,5092
IDN.34.2.7_1,13481
IDN.34.2.8_1,46559
IDN.34.2.9_1,9533
IDN.34.2.10_1,7931
IDN.34.2.11_1,7366
IDN.34.2.12_1,53454
IDN.34.2.13_1,47560
IDN.34.3.1_1,34018
IDN.34.3.2_1,64737
IDN.34.3.3_1,76890
IDN.34.5.1_1,14303
IDN.34.5.2_1,17802
IDN.34.5.3_1,14516
IDN.34.5.4_1,7879
IDN.34.5.5_1,7148
IDN.34.5.6_1,2283
IDN.34.5.7_1,26672
IDN.34.5.8_1,3416
IDN.34.5.9_1,20407
IDN.34.5.10_1,3965
IDN.34.5.11_1,4000
IDN.34.5.12_1,5379
IDN.34.5.13_1,5800
IDN.34.5.14_1,11707
IDN.34.5.15_1,9428
IDN.34.5.16_1,7341
IDN.34.5.17_1,3999
IDN.34.5.18_1,3351
IDN.34.5.19_1,3771
IDN.34.5.20_1,14622
IDN.34.5.21_1,7519
IDN.34.6.1_1,69210
IDN.34.6.2_1,7080
IDN.34.6.3_1,6801
IDN.34.6.4_1,15024
IDN.34.6.5_1,88851
IDN.34.6.6_1,53732
IDN.34.6.7_1,23338
IDN.34.6.8_1,87196
IDN.34.6.9_1,43372
IDN.34.6.10_1,23120
IDN.34.6.11_1,8355
IDN.34.6.12_1,6608
IDN.34.6.13_1,39886
IDN.34.6.14_1,22900
IDN.34.6.15_1,114129
IDN.34.6.16_1,13857
IDN.34.6.18_1,80079
IDN.34.6.17_1,68948
IDN.34.7.1_1,1747
IDN.34.7.2_1,52043
IDN.34.7.3_1,6428
IDN.34.7.4_1,36900
IDN.34.7.5_1,29071
IDN.34.7.6_1,21659
IDN.34.7.7_1,21328
IDN.34.7.8_1,10941
IDN.34.7.9_1,18395
IDN.34.7.10_1,11721
IDN.34.7.11_1,8404
IDN.34.7.12_1,8736
IDN.34.7.13_1,10438
IDN.34.7.14_1,24698
IDN.34.7.15_1,130303
IDN.34.7.16_1,42029
IDN.34.7.17_1,6352
IDN.34.7.18_1,24916
IDN.34.10.1_1,27984
IDN.34.10.2_1,82727
IDN.34.10.3_1,34253
IDN.34.10.4_1,35191
IDN.34.10.5_1,13666
IDN.34.10.6_1,9578
IDN.34.10.7_1,30911
IDN.34.10.8_1,28053
IDN.34.10.9_1,38951
IDN.34.10.10_1,6462
IDN.34.11.1_1,20543
IDN.34.11.2_1,125212
IDN.34.11.3_1,33103
IDN.34.11.4_1,22638
IDN.34.12.1_1,91416
IDN.34.12.2_1,131405
IDN.34.12.3_1,135854
IDN.34.12.4_1,197870
IDN.34.12.5_1,429075
IDN.34.12.6_1,169404
IDN.35.4.1,13065
IDN.35.4.3,9734
IDN.35.4.2,4159
IDN.35.4.4,26004
IDN.35.4.9,9245
IDN.35.4.5,5421
IDN.35.4.6,21568
IDN.35.4.7,21828
IDN.35.4.8,39302
IDN.35.4.10,37589
IDN.35.8.1,10044
IDN.35.8.2,2427
IDN.35.8.3,8083
IDN.35.8.4,18794
IDN.35.8.5,7876
IDN.35.8.6,18672
IDN.35.8.7,5039
IDN.35.8.8,8332
IDN.35.8.10,6703
IDN.35.8.9,6406
IDN.35.8.11,9383
IDN.35.8.12,20450
IDN.35.9.2,21668
IDN.35.9.1,17829
IDN.35.9.3,13280
IDN.35.9.5,50421
IDN.35.9.4,22099
IDN.35.9.7,25463
IDN.35.9.6,6136
IDN.35.9.8,24320
IDN.35.9.9,34583
IDN.35.13.2,2556
IDN.35.13.1,5146
IDN.35.13.3,4054
IDN.35.14.1,114704
IDN.35.14.2,82956
IDN.35.14.3,75578
IDN.35.14.4,38811
IDN.16.1.1_1,311338
IDN.16.1.2_1,230106
IDN.16.1.3_1,135924
IDN.16.1.4_1,49905
IDN.16.1.5_1,119464
IDN.16.1.6_1,150925
IDN.16.1.7_1,22969
IDN.16.1.8_1,116013
IDN.16.1.9_1,202378
IDN.16.1.10_1,227471
IDN.16.1.11_1,140161
IDN.16.1.12_1,242930
IDN.16.2.1_1,1755
IDN.16.2.2_1,22718
IDN.16.2.3_1,29665
IDN.16.2.4_1,7477
IDN.16.2.5_1,888
IDN.16.2.6_1,13565
IDN.16.2.7_1,32513
IDN.16.2.8_1,129113
IDN.16.2.9_1,103827
IDN.16.2.10_1,32205
IDN.16.3.1_1,4032
IDN.16.3.2_1,4424
IDN.16.3.3_1,41569
IDN.16.3.6_1,34997
IDN.16.3.4_1,11455
IDN.16.3.5_1,9535
IDN.16.3.7_1,78747
IDN.16.3.8_1,16687
IDN.16.3.9_1,56664
IDN.16.4.2_1,1125
IDN.16.4.1_1,1279
IDN.16.4.3_1,748
IDN.16.4.7_1,624
IDN.16.4.4_1,275
IDN.16.4.5_1,14
IDN.16.4.6_1,0
IDN.16.5.2_1,22641
IDN.16.5.1_1,6362
IDN.16.5.3_1,22554
IDN.16.5.5_1,25072
IDN.16.5.4_1,14040
IDN.16.6.1_1,6469
IDN.16.6.2_1,1764
IDN.16.6.3_1,265
IDN.16.6.5_1,8955
IDN.16.6.4_1,610
IDN.16.6.6_1,2750
IDN.16.6.7_1,386
IDN.16.6.8_1,64
IDN.16.6.9_1,90
IDN.16.6.11_1,15226
IDN.16.6.10_1,1239
IDN.16.6.12_1,47710
IDN.16.7.1_1,18579
IDN.16.7.2_1,10072
IDN.16.7.3_1,7859
IDN.16.7.4_1,47840
IDN.17.1.1_1,114977
IDN.17.1.2_1,98653
IDN.17.1.3_1,69607
IDN.17.1.4_1,87909
IDN.17.1.5_1,82047
IDN.17.1.6_1,117599
IDN.17.1.7_1,93030
IDN.17.1.8_1,64108
IDN.17.1.9_1,134529
IDN.17.1.10_1,62240
IDN.17.1.11_1,52637
IDN.17.1.12_1,104532
IDN.17.1.13_1,80086
IDN.17.2.1_1,82200
IDN.17.2.2_1,26359
IDN.17.2.3_1,26052
IDN.17.2.5_1,8174
IDN.17.2.4_1,15343
IDN.17.2.6_1,28197
IDN.17.2.7_1,1116
IDN.17.2.8_1,9309
IDN.17.2.9_1,7920
IDN.17.2.10_1,9499
IDN.17.2.11_1,15400
IDN.17.2.12_1,24639
IDN.17.2.13_1,7881
IDN.17.2.14_1,38455
IDN.17.2.15_1,30727
IDN.17.2.16_1,21344
IDN.17.2.17_1,49790
IDN.17.2.18_1,79726
IDN.17.3.1_1,44261
IDN.17.3.2_1,49346
IDN.17.3.3_1,0
IDN.17.3.4_1,123536
IDN.17.3.5_1,80892
IDN.17.3.6_1,53182
IDN.17.3.7_1,74616
IDN.17.3.8_1,22846
IDN.17.3.9_1,220340
IDN.17.3.10_1,72516
IDN.17.3.11_1,52271
IDN.17.3.12_1,275
IDN.17.3.13_1,16622
IDN.17.3.14_1,39834
IDN.17.3.15_1,45985
IDN.17.3.16_1,75216
IDN.17.3.17_1,12701
IDN.17.3.18_1,40456
IDN.17.3.19_1,18896
IDN.17.4.1_1,8869
IDN.17.4.2_1,28846
IDN.17.4.3_1,293987
IDN.17.4.4_1,109839
IDN.17.4.5_1,14434
IDN.17.4.6_1,13259
IDN.17.4.7_1,79400
IDN.17.4.8_1,56473
IDN.17.4.9_1,74983
IDN.17.4.10_1,15629
IDN.17.4.11_1,45159
IDN.17.4.12_1,15753
IDN.17.4.13_1,13134
IDN.17.4.14_1,54306
IDN.17.4.15_1,22459
IDN.17.4.16_1,45637
IDN.17.4.17_1,10645
IDN.17.4.18_1,11355
IDN.17.4.19_1,46172
IDN.17.4.20_1,41051
IDN.17.4.21_1,111612
IDN.17.4.22_1,85627
IDN.17.4.23_1,79285
IDN.17.4.24_1,106811
IDN.17.4.25_1,117637
IDN.17.4.26_1,79992
IDN.17.4.27_1,75987
IDN.17.4.28_1,27321
IDN.17.5.1_1,15553
IDN.17.5.3_1,59588
IDN.17.5.2_1,68161
IDN.17.5.4_1,7598
IDN.17.5.5_1,11761
IDN.17.5.6_1,12683
IDN.17.5.7_1,16544
IDN.17.5.8_1,143391
IDN.17.5.9_1,106036
IDN.17.5.10_1,22766
IDN.17.5.11_1,20174
IDN.17.5.12_1,12526
IDN.17.5.13_1,16583
IDN.17.5.14_1,17918
IDN.17.5.15_1,13066
IDN.17.5.16_1,120987
IDN.17.5.17_1,67890
IDN.17.5.18_1,0
IDN.17.5.19_1,41033
IDN.17.5.20_1,39299
IDN.17.5.22_1,37977
IDN.17.5.21_1,32095
IDN.17.5.23_1,68209
IDN.17.5.24_1,51361
IDN.17.5.25_1,31937
IDN.17.5.26_1,29176
IDN.17.6.2_1,24307
IDN.17.6.1_1,15390
IDN.17.6.3_1,5166
IDN.17.6.4_1,89045
IDN.17.6.5_1,23723
IDN.17.6.6_1,31141
IDN.17.6.7_1,8810
IDN.17.6.8_1,29827
IDN.17.6.9_1,16855
IDN.17.6.10_1,26185
IDN.17.6.11_1,25444
IDN.17.6.12_1,55283
IDN.17.6.13_1,6774
IDN.17.6.16_1,71875
IDN.17.6.14_1,90652
IDN.17.6.15_1,45340
IDN.17.6.17_1,30092
IDN.17.6.18_1,725
IDN.17.6.19_1,3233
IDN.17.6.20_1,25468
IDN.17.6.21_1,9108
IDN.17.6.22_1,25531
IDN.17.6.23_1,10022
IDN.17.7.1_1,2581
IDN.17.7.3_1,2882
IDN.17.7.2_1,14296
IDN.17.7.4_1,6729
IDN.17.7.5_1,19317
IDN.17.7.6_1,11845
IDN.17.7.7_1,17828
IDN.17.7.8_1,15709
IDN.17.8.1_1,33761
IDN.17.8.2_1,39696
IDN.17.8.3_1,13736
IDN.17.8.4_1,33555
IDN.17.8.5_1,39402
IDN.17.9.1_1,154063
IDN.17.9.2_1,10227
IDN.17.9.3_1,52945
IDN.17.9.4_1,76838
IDN.17.9.5_1,90270
IDN.17.9.6_1,34553
IDN.17.9.7_1,101043
IDN.17.9.8_1,30164
IDN.17.10.1_1,9144
IDN.17.10.2_1,38581
IDN.17.10.3_1,9951
IDN.17.10.4_1,102852
IDN.17.10.5_1,74626
IDN.17.10.6_1,38238
IDN.17.10.7_1,86287
IDN.17.10.8_1,22008
IDN.17.11.1_1,6104
IDN.17.11.2_1,9812
IDN.17.11.3_1,21254
IDN.17.11.4_1,11942
IDN.17.11.5_1,66684
IDN.17.11.6_1,35129
IDN.17.11.7_1,33317
IDN.17.11.9_1,8138
IDN.17.11.8_1,7039
IDN.17.11.12_1,56961
IDN.17.11.10_1,15669
IDN.17.11.11_1,51392
IDN.17.11.13_1,15918
IDN.17.11.14_1,9577
IDN.17.11.15_1,58071
IDN.17.11.16_1,19454
IDN.17.11.17_1,36009
IDN.17.11.18_1,20436
IDN.17.11.19_1,34223
IDN.17.11.20_1,50111
IDN.17.11.21_1,28668
IDN.17.12.1_1,28583
IDN.17.12.2_1,27989
IDN.17.12.3_1,18865
IDN.17.12.4_1,5749
IDN.17.12.5_1,84921
IDN.17.12.6_1,28940
IDN.17.12.7_1,30292
IDN.17.12.8_1,9585
IDN.17.13.1_1,18365
IDN.17.13.2_1,8156
IDN.17.13.3_1,14568
IDN.17.13.4_1,18023
IDN.17.13.6_1,5787
IDN.17.13.5_1,21365
IDN.17.13.7_1,23591
IDN.17.13.9_1,28213
IDN.17.13.8_1,5786
IDN.17.13.10_1,6977
IDN.17.13.11_1,18594
IDN.17.13.12_1,18339
IDN.17.13.13_1,873
IDN.17.13.14_1,34156
IDN.17.13.15_1,1754
IDN.17.14.1_1,11226
IDN.17.14.2_1,24666
IDN.17.14.3_1,26899
IDN.17.14.4_1,51010
IDN.17.14.5_1,4152
IDN.17.14.6_1,16653
IDN.17.14.7_1,19662
IDN.17.14.8_1,11890
IDN.17.14.9_1,73455
IDN.17.14.10_1,23867
IDN.17.14.11_1,29663
IDN.17.14.12_1,119555
IDN.17.14.13_1,6652
IDN.17.14.14_1,17222
IDN.19.1.1_1,141422
IDN.19.1.2_1,7535
IDN.19.1.3_1,96484
IDN.19.1.4_1,200325
IDN.19.1.5_1,134215
IDN.19.3.1_1,82314
IDN.19.3.2_1,4822
IDN.19.3.3_1,26507
IDN.19.3.4_1,33391
IDN.19.3.5_1,10332
IDN.19.2.1_1,0
IDN.19.2.2_1,37518
IDN.19.2.3_1,23834
IDN.19.2.4_1,12815
IDN.19.2.5_1,5337
IDN.19.4.2_1,65645
IDN.19.4.1_1,14390
IDN.19.4.5_1,7210
IDN.19.4.3_1,2261
IDN.19.4.4_1,2889
IDN.19.4.6_1,6244
IDN.19.4.7_1,13882
IDN.19.5.1_1,11030
IDN.19.5.2_1,1405
IDN.19.5.3_1,5867
IDN.19.5.4_1,1946
IDN.19.5.5_1,13420
IDN.19.5.6_1,16263
IDN.19.5.7_1,1957
IDN.19.5.8_1,13332
IDN.19.6.1_1,91204
IDN.19.6.2_1,5523
IDN.19.6.3_1,26700
IDN.19.6.5_1,40371
IDN.19.6.4_1,8337
IDN.19.6.6_1,3999
IDN.19.6.7_1,21808
IDN.19.6.8_1,68648
IDN.19.6.9_1,24140
IDN.19.6.11_1,50311
IDN.19.6.10_1,26446
IDN.19.6.12_1,38246
IDN.19.6.13_1,17145
IDN.19.6.14_1,82827
IDN.19.8.3_1,8901
IDN.19.8.1_1,4810
IDN.19.8.2_1,0
IDN.19.8.6_1,26901
IDN.19.8.4_1,3436
IDN.19.8.5_1,9600
IDN.19.7.1_1,3374
IDN.19.7.2_1,2110
IDN.19.7.3_1,18037
IDN.19.7.4_1,27326
IDN.19.7.5_1,7374
IDN.19.7.6_1,15943
IDN.19.7.7_1,6550
IDN.19.7.8_1,12933
IDN.19.7.9_1,178
IDN.19.9.1_1,24862
IDN.19.9.2_1,95035
IDN.19.9.3_1,72464
IDN.19.9.4_1,21544
IDN.19.10.1_1,50513
IDN.19.10.2_1,11439
IDN.19.10.3_1,13088
IDN.19.10.4_1,4478
IDN.19.10.5_1,1306
IDN.19.10.6_1,30326
IDN.19.11.1_1,10342
IDN.19.11.2_1,36060
IDN.19.11.3_1,6202
IDN.19.11.4_1,2378
IDN.18.1.3_1,13999
IDN.18.1.1_1,17853
IDN.18.1.2_1,8511
IDN.18.1.5_1,70478
IDN.18.1.4_1,17713
IDN.18.1.6_1,9943
IDN.18.1.8_1,11667
IDN.18.1.7_1,19592
IDN.18.2.7_1,33834
IDN.18.2.2_1,3516
IDN.18.2.1_1,3431
IDN.18.2.3_1,32593
IDN.18.2.6_1,11502
IDN.18.2.4_1,8464
IDN.18.2.5_1,6592
IDN.18.2.8_1,6214
IDN.18.2.11_1,8310
IDN.18.2.9_1,6014
IDN.18.2.10_1,6551
IDN.18.2.14_1,8455
IDN.18.2.12_1,5421
IDN.18.2.13_1,7317
IDN.18.2.15_1,8117
IDN.18.2.16_1,5034
IDN.18.2.20_1,7964
IDN.18.2.17_1,3998
IDN.18.2.18_1,3677
IDN.18.2.19_1,1699
IDN.18.2.21_1,5020
IDN.18.2.22_1,138
IDN.18.2.23_1,8255
IDN.18.2.24_1,5506
IDN.18.2.29_1,81285
IDN.18.2.25_1,7217
IDN.18.2.26_1,28164
IDN.18.2.27_1,7190
IDN.18.2.28_1,6997
IDN.18.2.30_1,9276
IDN.18.3.3_1,3980
IDN.18.3.1_1,2615
IDN.18.3.2_1,7278
IDN.18.3.4_1,21479
IDN.18.3.8_1,9461
IDN.18.3.5_1,2865
IDN.18.3.6_1,3103
IDN.18.3.7_1,4726
IDN.18.4.1_1,31686
IDN.18.4.5_1,10349
IDN.18.4.2_1,11074
IDN.18.4.3_1,6044
IDN.18.4.4_1,10864
IDN.18.4.10_1,8502
IDN.18.4.6_1,14929
IDN.18.4.7_1,4127
IDN.18.4.8_1,3777
IDN.18.4.9_1,3270
IDN.18.5.4_1,6259
IDN.18.5.1_1,9331
IDN.18.5.2_1,6433
IDN.18.5.3_1,10829
IDN.18.5.5_1,1471
IDN.18.5.9_1,20494
IDN.18.5.6_1,48523
IDN.18.5.7_1,25420
IDN.18.5.8_1,10314
IDN.18.5.10_1,6232
IDN.18.5.11_1,8060
IDN.18.5.12_1,25419
IDN.18.5.18_1,31231
IDN.18.5.13_1,3748
IDN.18.5.14_1,12420
IDN.18.5.15_1,12985
IDN.18.5.16_1,5006
IDN.18.5.17_1,30782
IDN.18.6.1_1,13102
IDN.18.6.2_1,7291
IDN.18.6.3_1,5516
IDN.18.6.4_1,18002
IDN.18.6.5_1,11977
IDN.18.6.7_1,9788
IDN.18.6.6_1,1130
IDN.18.6.9_1,36434
IDN.18.6.8_1,6384
IDN.18.6.10_1,18048
IDN.18.6.11_1,4406
IDN.18.6.12_1,4566
IDN.18.6.13_1,9800
IDN.18.6.15_1,15028
IDN.18.6.14_1,4825
IDN.18.6.16_1,19777
IDN.18.6.18_1,3030
IDN.18.6.17_1,15412
IDN.18.6.19_1,13956
IDN.18.7.1_1,13065
IDN.18.7.3_1,44046
IDN.18.7.2_1,14575
IDN.18.7.4_1,5746
IDN.18.7.5_1,11248
IDN.18.8.1_1,2313
IDN.18.8.2_1,6474
IDN.18.8.3_1,6746
IDN.18.8.4_1,4920
IDN.18.8.5_1,19491
IDN.18.8.6_1,73548
IDN.18.8.7_1,53509
IDN.18.8.8_1,63768
IDN.18.9.4_1,10819
IDN.18.9.1_1,3122
IDN.18.9.2_1,10608
IDN.18.9.3_1,40072
IDN.18.9.8_1,19323
IDN.18.9.5_1,8934
IDN.18.9.6_1,7681
IDN.18.9.7_1,22893
IDN.20.1.1_1,9607
IDN.20.1.2_1,31498
IDN.20.1.3_1,54017
IDN.20.1.4_1,12738
IDN.20.1.5_1,2588
IDN.20.1.6_1,43260
IDN.20.1.7_1,18460
IDN.20.1.8_1,32606
IDN.20.1.9_1,53681
IDN.20.1.10_1,20232
IDN.20.1.11_1,24160
IDN.20.1.12_1,10153
IDN.20.1.13_1,43614
IDN.20.1.14_1,18439
IDN.20.1.15_1,42202
IDN.20.1.16_1,20865
IDN.20.1.17_1,17557
IDN.20.1.18_1,54949
IDN.20.2.1_1,60768
IDN.20.2.2_1,15733
IDN.20.2.3_1,14237
IDN.20.2.4_1,15734
IDN.20.2.5_1,46046
IDN.20.2.6_1,18444
IDN.20.2.7_1,23509
IDN.20.2.8_1,64426
IDN.20.3.1_1,26906
IDN.20.3.2_1,43156
IDN.20.3.3_1,43035
IDN.20.3.4_1,24406
IDN.20.3.5_1,13477
IDN.20.4.1_1,44847
IDN.20.4.2_1,79104
IDN.20.4.3_1,49459
IDN.20.4.4_1,64493
IDN.20.4.5_1,29585
IDN.20.4.6_1,68409
IDN.20.4.7_1,32507
IDN.20.4.8_1,59453
IDN.20.4.9_1,102569
IDN.20.4.10_1,154724
IDN.20.5.2_1,37472
IDN.20.5.1_1,44240
IDN.20.5.3_1,63997
IDN.20.5.4_1,43613
IDN.20.5.5_1,46138
IDN.20.5.10_1,41781
IDN.20.5.7_1,146765
IDN.20.5.6_1,29020
IDN.20.5.8_1,64746
IDN.20.5.9_1,148435
IDN.20.5.11_1,65145
IDN.20.5.12_1,237686
IDN.20.6.1_1,51599
IDN.20.6.2_1,330467
IDN.20.6.3_1,62615
IDN.20.6.4_1,26938
IDN.20.6.5_1,50092
IDN.20.6.6_1,19341
IDN.20.6.7_1,125599
IDN.20.6.8_1,32560
IDN.20.6.11_1,46712
IDN.20.6.9_1,52053
IDN.20.6.10_1,74501
IDN.20.6.12_1,107537
IDN.20.6.13_1,39098
IDN.20.6.14_1,55346
IDN.20.6.15_1,49372
IDN.20.6.16_1,85264
IDN.20.6.17_1,26646
IDN.20.6.18_1,27019
IDN.20.6.19_1,32492
IDN.20.6.20_1,26449
IDN.20.7.1_1,113761
IDN.20.7.2_1,34107
IDN.20.7.3_1,35542
IDN.20.7.4_1,21428
IDN.20.7.5_1,23431
IDN.20.8.1_1,81566
IDN.20.8.2_1,80633
IDN.20.8.3_1,95425
IDN.20.8.4_1,87500
IDN.20.8.5_1,71334
IDN.20.8.6_1,94344
IDN.20.10.2_1,13734
IDN.20.10.1_1,10596
IDN.20.10.3_1,2919
IDN.20.10.4_1,7556
IDN.20.10.5_1,21142
IDN.20.10.6_1,1927
IDN.20.10.7_1,42525
IDN.20.10.8_1,1779
IDN.20.10.9_1,34701
IDN.20.10.10_1,3530
IDN.20.10.11_1,28471
IDN.20.10.12_1,14280
IDN.20.10.13_1,21474
IDN.20.10.14_1,15042
IDN.20.10.15_1,60875
IDN.20.10.16_1,13350
IDN.20.10.17_1,1208
IDN.20.10.18_1,30335
IDN.20.10.19_1,14375
IDN.20.10.20_1,1594
IDN.20.10.21_1,67717
IDN.20.10.22_1,5026
IDN.20.10.23_1,40826
IDN.20.10.24_1,38310
IDN.20.9.1_1,6899
IDN.20.9.2_1,10186
IDN.20.9.3_1,11157
IDN.20.9.4_1,15569
IDN.20.9.5_1,27741
IDN.20.9.6_1,21057
IDN.20.9.7_1,11964
IDN.20.9.8_1,32416
IDN.21.1.1_1,15336
IDN.21.1.2_1,20296
IDN.21.1.3_1,3952
IDN.21.1.4_1,10877
IDN.21.1.6_1,14044
IDN.21.1.5_1,8851
IDN.21.1.7_1,13085
IDN.21.1.8_1,4138
IDN.21.1.9_1,3414
IDN.21.1.14_1,9356
IDN.21.1.11_1,9048
IDN.21.1.10_1,16699
IDN.21.1.12_1,31507
IDN.21.1.13_1,8376
IDN.21.1.15_1,1756
IDN.21.1.16_1,2087
IDN.21.1.17_1,37637
IDN.21.2.1_1,16645
IDN.21.2.2_1,15742
IDN.21.2.3_1,1339
IDN.21.2.4_1,8397
IDN.21.2.5_1,22994
IDN.21.2.7_1,32007
IDN.21.2.6_1,11505
IDN.21.2.8_1,20936
IDN.21.2.9_1,955
IDN.21.2.11_1,14410
IDN.21.2.10_1,5561
IDN.21.2.12_1,1481
IDN.21.2.13_1,60390
IDN.21.2.14_1,62355
IDN.21.2.15_1,2185
IDN.21.2.16_1,4852
IDN.21.2.17_1,11058
IDN.21.2.18_1,7850
IDN.21.2.19_1,16225
IDN.21.2.20_1,4820
IDN.21.2.21_1,26570
IDN.21.2.22_1,46467
IDN.21.2.23_1,24938
IDN.21.2.24_1,29985
IDN.21.3.1_1,988
IDN.21.3.2_1,47610
IDN.21.3.7_1,18045
IDN.21.3.3_1,20077
IDN.21.3.4_1,33830
IDN.21.3.5_1,27528
IDN.21.3.6_1,16710
IDN.21.3.8_1,17647
IDN.21.3.9_1,8543
IDN.21.3.10_1,4185
IDN.21.3.11_1,4992
IDN.21.3.12_1,16866
IDN.21.3.13_1,11176
IDN.21.3.15_1,20024
IDN.21.3.14_1,1599
IDN.21.3.16_1,2766
IDN.21.3.17_1,9673
IDN.21.3.18_1,14949
IDN.21.3.19_1,1301
IDN.21.3.20_1,9359
IDN.21.4.4_1,10855
IDN.21.4.1_1,9745
IDN.21.4.2_1,6799
IDN.21.4.3_1,17865
IDN.21.4.5_1,5159
IDN.21.4.6_1,14175
IDN.21.4.7_1,11418
IDN.21.4.8_1,16397
IDN.21.4.9_1,8890
IDN.21.4.10_1,22940
IDN.21.4.11_1,8295
IDN.21.4.12_1,11396
IDN.21.4.13_1,7685
IDN.21.4.14_1,12924
IDN.21.4.15_1,27639
IDN.21.4.16_1,29624
IDN.21.4.17_1,11817
IDN.21.4.18_1,6426
IDN.21.4.19_1,31972
IDN.21.5.1_1,116122
IDN.21.5.2_1,105147
IDN.21.5.3_1,101349
IDN.21.5.4_1,166903
IDN.21.6.2_1,317
IDN.21.6.1_1,14403
IDN.21.6.6_1,1825
IDN.21.6.3_1,2677
IDN.21.6.4_1,3382
IDN.21.6.5_1,11794
IDN.21.6.7_1,17746
IDN.21.6.8_1,12719
IDN.21.6.9_1,4406
IDN.21.6.10_1,11815
IDN.21.6.11_1,35063
IDN.21.6.12_1,15810
IDN.21.6.15_1,13662
IDN.21.6.13_1,22565
IDN.21.6.14_1,354
IDN.21.6.16_1,15273
IDN.21.6.17_1,23647
IDN.21.6.18_1,29647
IDN.21.6.19_1,6736
IDN.21.6.21_1,6824
IDN.21.6.20_1,4516
IDN.21.6.22_1,25272
IDN.21.6.23_1,6862
IDN.21.6.24_1,81271
IDN.21.7.1_1,11408
IDN.21.7.2_1,11735
IDN.21.7.4_1,27526
IDN.21.7.3_1,7618
IDN.21.7.5_1,10503
IDN.21.7.6_1,9238
IDN.21.7.7_1,40881
IDN.21.7.8_1,12810
IDN.21.7.9_1,9290
IDN.21.10.1_1,10878
IDN.21.10.2_1,10905
IDN.21.10.3_1,136698
IDN.21.10.4_1,2613
IDN.21.10.5_1,50716
IDN.21.10.6_1,79929
IDN.21.10.8_1,43438
IDN.21.10.7_1,22319
IDN.21.10.9_1,15712
IDN.21.8.1_1,7634
IDN.21.8.2_1,62066
IDN.21.8.3_1,5155
IDN.21.8.4_1,135450
IDN.21.8.5_1,6478
IDN.21.8.6_1,33067
IDN.21.8.7_1,30842
IDN.21.9.1_1,120409
IDN.21.9.2_1,22670
IDN.21.9.3_1,55129
IDN.21.9.4_1,30987
IDN.21.9.5_1,43402
IDN.21.9.6_1,45417
IDN.21.11.2_1,95504
IDN.21.11.1_1,2822
IDN.21.11.3_1,29986
IDN.21.11.4_1,12247
IDN.21.11.5_1,14834
IDN.21.11.6_1,3667
IDN.21.11.7_1,3980
IDN.21.12.1_1,12336
IDN.21.12.3_1,35428
IDN.21.12.2_1,9629
IDN.21.12.4_1,45136
IDN.21.12.5_1,3873
IDN.21.12.7_1,23514
IDN.21.12.6_1,7531
IDN.21.12.8_1,21060
IDN.21.12.9_1,10365
IDN.21.13.1_1,20446
IDN.21.13.2_1,9125
IDN.21.13.3_1,18885
IDN.21.13.4_1,36441
IDN.21.13.5_1,19733
IDN.21.13.6_1,1493
IDN.21.13.7_1,17952
IDN.21.13.8_1,22816
IDN.21.14.1_1,1990
IDN.21.14.2_1,20358
IDN.21.14.3_1,52435
IDN.21.14.4_1,280
IDN.21.14.5_1,11423
IDN.21.14.6_1,4173
IDN.21.15.3_1,59524
IDN.21.15.1_1,30195
IDN.21.15.2_1,49236
IDN.21.15.4_1,2861
IDN.21.15.5_1,548
IDN.21.15.6_1,1028
IDN.21.15.7_1,31134
IDN.21.15.8_1,14714
IDN.21.15.9_1,14745
IDN.21.15.10_1,8245
IDN.21.15.11_1,6952
IDN.21.15.12_1,1738
IDN.21.15.13_1,6051
IDN.21.15.14_1,6603
IDN.21.15.15_1,43450
IDN.21.15.16_1,16290
IDN.21.15.17_1,10073
IDN.21.15.18_1,20918
IDN.21.15.19_1,321
IDN.21.15.20_1,1819
IDN.21.15.21_1,14626
IDN.21.17.1_1,26844
IDN.21.17.2_1,8765
IDN.21.17.3_1,39025
IDN.21.17.4_1,14372
IDN.21.17.5_1,6382
IDN.21.17.6_1,52204
IDN.21.16.3_1,22870
IDN.21.16.1_1,12451
IDN.21.16.2_1,15743
IDN.21.16.4_1,143683
IDN.21.16.5_1,46718
IDN.21.16.6_1,15163
IDN.21.16.7_1,101058
IDN.21.16.8_1,5369
IDN.21.18.2_1,19594
IDN.21.18.1_1,3092
IDN.21.18.3_1,7646
IDN.21.18.5_1,19563
IDN.21.18.4_1,29229
IDN.21.19.1_1,4177
IDN.21.19.2_1,1446
IDN.21.19.3_1,816
IDN.21.19.4_1,54239
IDN.21.19.5_1,20248
IDN.21.19.6_1,5110
IDN.21.19.7_1,0
IDN.21.19.8_1,57942
IDN.21.19.9_1,3092
IDN.21.19.10_1,636
IDN.21.19.11_1,0
IDN.21.19.12_1,1292
IDN.21.19.13_1,865
IDN.21.19.14_1,3297
IDN.21.19.15_1,1105
IDN.21.19.16_1,24247
IDN.21.19.17_1,22556
IDN.21.19.18_1,3997
IDN.21.19.19_1,18349
IDN.21.19.20_1,872
IDN.21.19.21_1,33605
IDN.21.19.22_1,21147
IDN.21.20.1_1,6694
IDN.21.20.2_1,7646
IDN.21.20.3_1,12492
IDN.21.20.4_1,103118
IDN.21.20.5_1,7705
IDN.21.20.6_1,13196
IDN.21.20.7_1,20999
IDN.21.20.8_1,8874
IDN.21.20.9_1,3455
IDN.21.20.10_1,3940
IDN.21.20.11_1,7126
IDN.21.20.12_1,16439
IDN.21.20.13_1,1116
IDN.21.20.14_1,8173
IDN.21.20.15_1,21221
IDN.21.20.16_1,3640
IDN.21.20.17_1,13356
IDN.21.20.18_1,6169
IDN.21.20.19_1,23893
IDN.21.20.20_1,47366
IDN.21.20.21_1,16848
IDN.21.20.22_1,6648
IDN.21.20.23_1,22346
IDN.21.20.24_1,12274
IDN.21.20.25_1,28464
IDN.21.20.26_1,13776
IDN.21.20.27_1,6294
IDN.21.20.28_1,22346
IDN.21.20.29_1,26578
IDN.21.20.30_1,6669
IDN.21.20.31_1,408
IDN.21.20.32_1,10441
IDN.21.21.1_1,37194
IDN.21.21.2_1,594
IDN.21.21.3_1,28357
IDN.21.21.4_1,2415
IDN.21.21.5_1,552
IDN.21.21.6_1,2661
IDN.21.21.7_1,2810
IDN.21.21.8_1,21617
IDN.21.21.9_1,2231
IDN.21.21.10_1,881
IDN.21.21.15_1,12382
IDN.21.21.11_1,1900
IDN.21.21.12_1,1095
IDN.21.21.13_1,17903
IDN.21.21.14_1,29004
IDN.21.21.16_1,20596
IDN.21.21.17_1,2597
IDN.21.21.18_1,419
IDN.21.21.19_1,2725
IDN.21.21.20_1,492
IDN.21.21.21_1,3823
IDN.21.21.22_1,644
IDN.21.21.24_1,31803
IDN.21.21.23_1,26134
IDN.23.1.1_1,69611
IDN.23.1.2_1,0
IDN.23.1.3_1,0
IDN.23.1.4_1,7134
IDN.23.1.5_1,13972
IDN.23.1.6_1,18140
IDN.23.1.7_1,825
IDN.23.1.8_1,6765
IDN.23.2.1_1,3047
IDN.23.2.2_1,2365
IDN.23.2.3_1,3982
IDN.23.2.4_1,68107
IDN.23.2.5_1,6692
IDN.23.2.6_1,2894
IDN.23.2.7_1,0
IDN.23.2.8_1,564
IDN.23.2.9_1,180
IDN.23.2.10_1,1687
IDN.23.2.11_1,2244
IDN.23.2.12_1,1591
IDN.23.2.13_1,4243
IDN.23.2.14_1,1352
IDN.23.2.15_1,60294
IDN.23.2.16_1,818
IDN.23.2.17_1,3224
IDN.23.2.18_1,861
IDN.23.2.19_1,9204
IDN.23.3.1_1,697
IDN.23.3.2_1,769
IDN.23.3.3_1,0
IDN.23.3.4_1,616
IDN.23.3.5_1,0
IDN.23.3.6_1,0
IDN.23.3.7_1,48382
IDN.23.3.8_1,1090
IDN.23.3.9_1,0
IDN.23.3.10_1,0
IDN.23.3.11_1,0
IDN.23.3.12_1,1409
IDN.23.3.13_1,59310
IDN.23.3.14_1,0
IDN.23.3.15_1,0
IDN.23.3.16_1,0
IDN.23.3.17_1,0
IDN.23.3.18_1,912
IDN.23.3.19_1,0
IDN.23.3.20_1,0
IDN.23.4.1_1,0
IDN.23.4.2_1,0
IDN.23.4.5_1,127560
IDN.23.4.3_1,52618
IDN.23.4.4_1,15308
IDN.23.5.1_1,15338
IDN.23.5.5_1,38577
IDN.23.5.2_1,9332
IDN.23.5.3_1,11758
IDN.23.5.4_1,11755
IDN.23.5.8_1,12266
IDN.23.5.6_1,2083
IDN.23.5.7_1,52494
IDN.23.5.9_1,10893
IDN.23.5.10_1,6590
IDN.23.6.1_1,0
IDN.23.6.2_1,83586
IDN.23.6.3_1,14282
IDN.23.6.4_1,1501
IDN.23.6.5_1,9241
IDN.23.6.6_1,0
IDN.23.7.1_1,30323
IDN.23.7.2_1,2687
IDN.23.7.3_1,2565
IDN.23.7.4_1,484
IDN.23.7.5_1,0
IDN.23.7.6_1,7212
IDN.23.7.8_1,2791
IDN.23.7.7_1,1411
IDN.23.7.9_1,18443
IDN.23.7.11_1,3420
IDN.23.7.10_1,4065
IDN.23.7.12_1,696
IDN.23.7.15_1,123951
IDN.23.7.13_1,2242
IDN.23.7.14_1,20106
IDN.23.7.16_1,5146
IDN.23.7.17_1,25186
IDN.23.7.18_1,0
IDN.23.7.19_1,886
IDN.23.8.1_1,6857
IDN.23.8.2_1,2526
IDN.23.8.3_1,3410
IDN.23.8.4_1,1237
IDN.23.8.5_1,4506
IDN.23.8.6_1,0
IDN.23.8.7_1,0
IDN.23.8.8_1,2364
IDN.23.8.9_1,152815
IDN.23.8.10_1,1463
IDN.23.8.11_1,1601
IDN.23.9.2_1,29128
IDN.23.9.1_1,1473
IDN.23.9.3_1,99
IDN.23.9.4_1,7950
IDN.23.9.5_1,0
IDN.23.9.6_1,325
IDN.23.9.7_1,0
IDN.23.10.1_1,7790
IDN.23.10.2_1,0
IDN.23.10.3_1,7355
IDN.23.10.4_1,2563
IDN.23.10.5_1,25262
IDN.23.10.6_1,1257
IDN.23.10.7_1,527
IDN.23.10.8_1,2355
IDN.23.10.9_1,1933
IDN.23.10.10_1,59431
IDN.23.10.11_1,33008
IDN.23.10.12_1,4115
IDN.23.11.1_1,84477
IDN.23.11.2_1,69410
IDN.23.11.3_1,93410
IDN.23.11.4_1,71152
IDN.23.11.5_1,83163
IDN.23.12.1_1,54980
IDN.23.12.2_1,0
IDN.23.12.3_1,9782
IDN.23.12.4_1,184564
IDN.23.12.5_1,0
IDN.23.12.6_1,62586
IDN.23.12.7_1,15570
IDN.23.12.8_1,26374
IDN.23.12.9_1,42203
IDN.23.12.10_1,10667
IDN.23.13.1_1,5151
IDN.23.13.2_1,10909
IDN.23.13.4_1,7882
IDN.23.13.3_1,102
IDN.23.13.5_1,2377
IDN.23.13.6_1,542
IDN.23.13.7_1,5580
IDN.23.13.8_1,1919
IDN.23.14.1_1,59487
IDN.23.14.2_1,2075
IDN.23.14.3_1,10903
IDN.23.14.4_1,835
IDN.23.14.5_1,1088
IDN.23.15.1_1,41776
IDN.23.15.2_1,4968
IDN.23.15.3_1,17241
IDN.23.15.4_1,1973
IDN.23.15.5_1,0
IDN.23.15.6_1,5282
IDN.23.15.7_1,103775
IDN.23.15.8_1,3624
IDN.23.15.9_1,0
IDN.23.15.10_1,0
IDN.23.16.1_1,1575
IDN.23.16.2_1,19310
IDN.23.16.3_1,14833
IDN.23.16.4_1,18728
IDN.23.16.5_1,8554
IDN.23.16.6_1,3828
IDN.23.16.7_1,54888
IDN.23.16.8_1,17479
IDN.23.16.9_1,126039
IDN.23.16.10_1,8517
IDN.23.16.11_1,39094
IDN.23.16.12_1,0
IDN.23.16.13_1,5297
IDN.23.16.14_1,39134
IDN.23.16.15_1,2886
IDN.23.16.16_1,5324
IDN.23.16.17_1,26455
IDN.23.16.18_1,333
IDN.23.16.19_1,12973
IDN.23.16.20_1,2393
IDN.23.17.1_1,0
IDN.23.17.2_1,0
IDN.23.17.3_1,0
IDN.23.17.4_1,75999
IDN.23.17.7_1,12475
IDN.23.17.5_1,149837
IDN.23.17.6_1,69211
IDN.23.17.8_1,310341
IDN.23.17.9_1,10517
IDN.23.17.11_1,60045
IDN.23.17.10_1,8250
IDN.23.17.12_1,194767
IDN.23.18.1_1,1648
IDN.23.18.2_1,28832
IDN.23.18.3_1,6380
IDN.23.18.5_1,38916
IDN.23.18.4_1,29305
IDN.23.18.6_1,12653
IDN.23.18.7_1,36176
IDN.23.18.8_1,7588
IDN.23.18.9_1,1181
IDN.23.18.10_1,15897
IDN.23.18.11_1,25216
IDN.23.18.12_1,21302
IDN.23.18.13_1,22415
IDN.23.18.14_1,2920
IDN.23.19.1_1,4598
IDN.23.19.2_1,19984
IDN.23.19.3_1,25437
IDN.23.19.4_1,0
IDN.23.19.5_1,0
IDN.23.19.6_1,0
IDN.23.19.7_1,38623
IDN.23.19.8_1,53661
IDN.23.20.1_1,4843
IDN.23.20.2_1,7431
IDN.23.20.3_1,15116
IDN.23.20.4_1,28282
IDN.23.20.5_1,1513
IDN.23.20.6_1,16650
IDN.23.20.7_1,1071
IDN.23.20.8_1,399725
IDN.23.20.9_1,5879
IDN.23.20.10_1,7123
IDN.23.21.1_1,0
IDN.23.21.2_1,3019
IDN.23.21.3_1,0
IDN.23.21.4_1,27363
IDN.23.21.5_1,724
IDN.23.21.6_1,14917
IDN.23.21.7_1,7841
IDN.23.21.8_1,4773
IDN.23.21.9_1,2515
IDN.23.21.10_1,0
IDN.23.21.12_1,1779
IDN.23.21.11_1,0
IDN.23.21.13_1,0
IDN.23.21.14_1,454
IDN.23.21.15_1,0
IDN.23.21.16_1,12950
IDN.23.21.17_1,1744
IDN.23.21.18_1,0
IDN.23.21.19_1,0
IDN.23.21.20_1,1415
IDN.23.21.21_1,0
IDN.23.21.22_1,0
IDN.23.21.23_1,1189
IDN.23.21.24_1,12781
IDN.23.21.25_1,1378
IDN.23.21.26_1,0
IDN.23.21.27_1,0
IDN.23.21.28_1,0
IDN.23.21.29_1,1142
IDN.23.21.30_1,0
IDN.23.21.31_1,80573
IDN.23.21.32_1,12078
IDN.23.21.33_1,914
IDN.23.21.34_1,0
IDN.23.23.1_1,6118
IDN.23.23.2_1,1909
IDN.23.23.3_1,14606
IDN.23.23.4_1,198972
IDN.23.23.5_1,49493
IDN.23.23.6_1,725
IDN.23.23.7_1,35192
IDN.23.23.8_1,4683
IDN.23.22.1_1,106766
IDN.23.22.2_1,32032
IDN.23.22.3_1,0
IDN.23.22.4_1,1158
IDN.23.22.5_1,12240
IDN.23.22.6_1,1329
IDN.23.22.7_1,0
IDN.23.22.8_1,0
IDN.23.24.1_1,139
IDN.23.24.3_1,1655
IDN.23.24.2_1,10362
IDN.23.24.4_1,2014
IDN.23.24.6_1,3831
IDN.23.24.5_1,13824
IDN.23.24.9_1,14462
IDN.23.24.7_1,3481
IDN.23.24.8_1,604
IDN.23.24.10_1,6729
IDN.23.25.1_1,1796
IDN.23.25.2_1,4116
IDN.23.25.3_1,2580
IDN.23.25.4_1,7778
IDN.23.25.5_1,3780
IDN.23.26.1_1,0
IDN.23.26.2_1,0
IDN.23.26.3_1,43643
IDN.23.26.4_1,0
IDN.23.26.5_1,0
IDN.23.26.6_1,1340
IDN.23.26.7_1,0
IDN.23.26.8_1,0
IDN.23.26.9_1,0
IDN.23.26.10_1,1586
IDN.23.26.11_1,0
IDN.23.26.12_1,98133
IDN.23.26.13_1,0
IDN.23.26.14_1,0
IDN.23.26.15_1,19061
IDN.23.26.16_1,0
IDN.23.26.17_1,0
IDN.23.26.18_1,941
IDN.23.26.19_1,0
IDN.23.26.20_1,868
IDN.23.26.21_1,0
IDN.23.26.22_1,0
IDN.23.26.23_1,0
IDN.23.26.24_1,389
IDN.23.26.25_1,0
IDN.23.26.26_1,0
IDN.23.26.27_1,0
IDN.23.26.28_1,0
IDN.23.26.29_1,0
IDN.23.26.30_1,0
IDN.23.26.31_1,0
IDN.23.26.32_1,0
IDN.23.26.33_1,0
IDN.23.26.34_1,0
IDN.23.26.35_1,142535
IDN.23.27.1_1,0
IDN.23.27.2_1,19141
IDN.23.27.3_1,910
IDN.23.27.4_1,506
IDN.23.27.5_1,2371
IDN.23.27.6_1,2908
IDN.23.27.7_1,7276
IDN.23.27.8_1,0
IDN.23.27.9_1,7214
IDN.23.27.10_1,5861
IDN.23.28.1_1,0
IDN.23.28.2_1,0
IDN.23.28.3_1,18256
IDN.23.28.4_1,2186
IDN.23.28.5_1,0
IDN.23.28.6_1,53259
IDN.23.28.7_1,1128
IDN.23.28.8_1,0
IDN.23.28.9_1,15180
IDN.23.28.10_1,0
IDN.23.28.11_1,13460
IDN.23.28.12_1,0
IDN.23.28.13_1,1673
IDN.23.28.14_1,29743
IDN.23.28.15_1,9706
IDN.23.28.16_1,0
IDN.23.28.17_1,6149
IDN.23.28.18_1,1819
IDN.23.28.19_1,0
IDN.23.28.20_1,0
IDN.23.28.21_1,37214
IDN.23.28.22_1,6372
IDN.23.28.23_1,0
IDN.23.28.24_1,21947
IDN.23.28.25_1,0
IDN.23.28.26_1,3360
IDN.23.28.27_1,530
IDN.23.28.28_1,0
IDN.23.28.29_1,0
IDN.23.28.30_1,4703
IDN.23.28.31_1,3319
IDN.23.28.32_1,0
IDN.23.28.33_1,24279
IDN.23.28.34_1,775
IDN.23.28.35_1,0
IDN.23.28.36_1,636
IDN.23.28.37_1,0
IDN.23.28.38_1,0
IDN.23.28.39_1,91112
IDN.23.28.40_1,23527
IDN.23.28.41_1,0
IDN.23.28.42_1,400
IDN.23.28.43_1,6414
IDN.23.28.44_1,0
IDN.23.28.45_1,0
IDN.23.28.46_1,3152
IDN.23.28.47_1,0
IDN.23.28.48_1,799
IDN.23.28.49_1,0
IDN.23.28.50_1,0
IDN.23.28.51_1,1767
IDN.23.29.1_1,0
IDN.23.29.2_1,0
IDN.23.29.3_1,41091
IDN.23.29.4_1,498712
IDN.23.29.5_1,1571
IDN.22.1.1_1,22220
IDN.22.1.5_1,36016
IDN.22.1.2_1,2620
IDN.22.1.3_1,9848
IDN.22.1.4_1,2783
IDN.22.1.6_1,2436
IDN.22.1.7_1,981
IDN.22.1.8_1,2494
IDN.22.1.9_1,0
IDN.22.2.1_1,0
IDN.22.2.2_1,5945
IDN.22.2.3_1,21710
IDN.22.2.4_1,400
IDN.22.2.5_1,13400
IDN.22.2.6_1,4547
IDN.22.2.7_1,17492
IDN.22.3.6_1,33038
IDN.22.3.1_1,44446
IDN.22.3.2_1,11293
IDN.22.3.3_1,33689
IDN.22.3.4_1,42615
IDN.22.3.5_1,53793
IDN.22.4.1_1,3348
IDN.22.4.3_1,6864
IDN.22.4.2_1,2150
IDN.22.4.4_1,7210
IDN.22.4.5_1,123
IDN.22.4.6_1,22814
IDN.22.4.7_1,6621
IDN.22.4.8_1,35617
IDN.22.4.9_1,93163
IDN.22.4.10_1,58225
IDN.22.4.11_1,11517
IDN.22.4.12_1,2219
IDN.22.4.13_1,10619
IDN.22.4.14_1,31090
IDN.22.4.15_1,8520
IDN.22.4.16_1,574
IDN.22.4.17_1,456
IDN.22.4.18_1,0
IDN.22.4.19_1,9513
IDN.22.4.20_1,20691
IDN.22.4.21_1,18137
IDN.22.4.22_1,4554
IDN.22.4.23_1,2977
IDN.22.4.24_1,2087
IDN.22.4.25_1,364
IDN.22.4.26_1,2850
IDN.22.4.27_1,251
IDN.22.4.28_1,11617
IDN.22.4.29_1,10174
IDN.22.5.4_1,3147
IDN.22.5.1_1,3363
IDN.22.5.2_1,3006
IDN.22.5.3_1,3472
IDN.22.5.7_1,718
IDN.22.5.5_1,155
IDN.22.5.6_1,4466
IDN.22.5.10_1,16807
IDN.22.5.8_1,24517
IDN.22.5.9_1,10280
IDN.22.5.11_1,2130
IDN.22.6.1_1,2740
IDN.22.6.2_1,296
IDN.22.6.3_1,550
IDN.22.6.4_1,509
IDN.22.6.8_1,1644
IDN.22.6.5_1,7091
IDN.22.6.6_1,119
IDN.22.6.7_1,1357
IDN.22.6.9_1,6758
IDN.22.6.10_1,926
IDN.22.6.11_1,294
IDN.22.6.13_1,0
IDN.22.6.12_1,1497
IDN.22.6.14_1,7669
IDN.22.6.15_1,12565
IDN.22.6.16_1,7399
IDN.22.6.17_1,1662
IDN.22.8.1_1,72518
IDN.22.8.2_1,2569
IDN.22.8.3_1,0
IDN.22.8.4_1,382
IDN.22.8.5_1,26741
IDN.22.8.6_1,324
IDN.22.8.7_1,1967
IDN.22.8.8_1,511
IDN.22.8.9_1,3843
IDN.22.8.10_1,37704
IDN.22.8.11_1,0
IDN.22.8.12_1,17501
IDN.22.8.13_1,3312
IDN.22.8.16_1,26372
IDN.22.8.14_1,33974
IDN.22.8.15_1,3770
IDN.22.8.17_1,7632
IDN.22.8.18_1,17001
IDN.22.8.19_1,4924
IDN.22.7.1_1,0
IDN.22.7.2_1,344
IDN.22.7.3_1,7899
IDN.22.7.5_1,5355
IDN.22.7.4_1,0
IDN.22.7.6_1,2623
IDN.22.7.7_1,17711
IDN.22.7.8_1,6662
IDN.22.7.9_1,2004
IDN.22.7.10_1,4240
IDN.22.7.11_1,0
IDN.22.7.12_1,48318
IDN.22.7.13_1,807
IDN.22.9.1_1,1488
IDN.22.9.2_1,0
IDN.22.9.3_1,930
IDN.22.9.4_1,217
IDN.22.9.5_1,1237
IDN.22.9.6_1,9382
IDN.22.9.7_1,0
IDN.22.9.8_1,103
IDN.22.10.1_1,2157
IDN.22.10.2_1,186
IDN.22.10.3_1,801
IDN.22.10.4_1,3571
IDN.22.10.5_1,798
IDN.22.10.6_1,710
IDN.22.10.7_1,0
IDN.22.10.8_1,0
IDN.22.10.9_1,12022
IDN.22.10.10_1,862
IDN.22.10.11_1,1141
IDN.22.10.12_1,17483
IDN.22.10.13_1,707
IDN.22.10.14_1,1908
IDN.22.10.15_1,19571
IDN.22.10.16_1,8582
IDN.22.10.17_1,0
IDN.22.10.18_1,822
IDN.22.10.19_1,5932
IDN.22.10.20_1,527
IDN.22.10.21_1,2130
IDN.22.10.22_1,131
IDN.22.10.23_1,0
IDN.22.10.24_1,3795
IDN.22.11.1_1,808
IDN.22.11.2_1,1049
IDN.22.11.3_1,14754
IDN.22.11.4_1,0
IDN.22.11.5_1,2191
IDN.22.11.6_1,326
IDN.22.11.7_1,1582
IDN.22.11.8_1,4043
IDN.22.11.9_1,1469
IDN.22.11.10_1,0
IDN.22.11.11_1,25807
IDN.22.11.12_1,4119
IDN.22.11.13_1,646
IDN.24.1.1_1,19842
IDN.24.1.2_1,66927
IDN.24.1.3_1,34411
IDN.24.1.4_1,498454
IDN.24.1.5_1,92730
IDN.24.1.7_1,13369
IDN.24.1.6_1,11919
IDN.24.1.8_1,10025
IDN.24.2.1_1,60167
IDN.24.2.2_1,188219
IDN.24.2.3_1,150440
IDN.24.2.4_1,22383
IDN.24.2.5_1,25751
IDN.24.3.1_1,7060
IDN.24.3.2_1,6567
IDN.24.3.3_1,24503
IDN.24.3.5_1,32284
IDN.24.3.4_1,12729
IDN.24.3.6_1,73186
IDN.24.3.7_1,49846
IDN.24.3.8_1,88022
IDN.24.3.9_1,54143
IDN.24.3.10_1,7242
IDN.24.3.11_1,82803
IDN.24.3.12_1,56031
IDN.24.3.13_1,39131
IDN.24.3.14_1,33741
IDN.24.3.15_1,7656
IDN.24.3.16_1,37946
IDN.24.3.17_1,15565
IDN.24.3.19_1,83857
IDN.24.3.18_1,77822
IDN.24.3.20_1,7374
IDN.24.4.1_1,50514
IDN.24.4.2_1,26407
IDN.24.4.3_1,9392
IDN.24.4.4_1,12502
IDN.24.4.5_1,19487
IDN.24.4.6_1,62660
IDN.24.4.7_1,39293
IDN.24.4.8_1,48049
IDN.24.4.9_1,21672
IDN.24.4.10_1,12579
IDN.24.4.12_1,71219
IDN.24.4.11_1,70554
IDN.24.4.13_1,86628
IDN.24.4.14_1,10615
IDN.24.5.3_1,53163
IDN.24.5.1_1,24734
IDN.24.5.2_1,29602
IDN.24.5.4_1,33209
IDN.24.5.11_1,86669
IDN.24.5.8_1,78972
IDN.24.5.5_1,53085
IDN.24.5.6_1,34816
IDN.24.5.7_1,43307
IDN.24.5.9_1,36467
IDN.24.5.10_1,17591
IDN.24.5.12_1,49038
IDN.24.5.13_1,23887
IDN.24.5.14_1,28433
IDN.24.5.15_1,129919
IDN.24.5.16_1,118921
IDN.24.5.19_1,144231
IDN.24.5.17_1,68520
IDN.24.5.18_1,56446
IDN.24.5.20_1,76787
IDN.24.6.1_1,40102
IDN.24.6.3_1,27937
IDN.24.6.2_1,31584
IDN.24.6.5_1,109032
IDN.24.6.4_1,17707
IDN.24.7.1_1,18119
IDN.24.7.2_1,9394
IDN.24.7.3_1,9098
IDN.24.7.4_1,13247
IDN.24.7.5_1,13677
IDN.24.7.6_1,25798
IDN.24.7.7_1,33854
IDN.24.7.8_1,55954
IDN.24.7.9_1,12043
IDN.24.7.10_1,17870
IDN.24.7.12_1,59808
IDN.24.7.11_1,129419
IDN.24.8.1_1,122120
IDN.24.8.2_1,40088
IDN.24.8.3_1,183331
IDN.24.8.4_1,119284
IDN.24.8.5_1,21661
IDN.24.8.7_1,84551
IDN.24.8.6_1,98440
IDN.24.8.8_1,27554
IDN.24.8.9_1,28322
IDN.24.8.10_1,37271
IDN.24.8.11_1,251975
IDN.24.8.12_1,182885
IDN.24.9.1_1,18191
IDN.24.9.2_1,13142
IDN.24.9.3_1,9989
IDN.24.9.4_1,86469
IDN.24.9.5_1,8316
IDN.24.9.6_1,38437
IDN.24.9.7_1,90545
IDN.24.9.8_1,192935
IDN.24.9.9_1,61338
IDN.24.9.10_1,25367
IDN.24.9.11_1,9351
IDN.24.9.12_1,95291
IDN.24.10.1_1,196087
IDN.24.10.3_1,59458
IDN.24.10.2_1,126774
IDN.24.10.4_1,2336
IDN.24.10.5_1,27050
IDN.24.10.6_1,22339
IDN.24.10.7_1,68520
IDN.24.10.8_1,4718
IDN.24.10.9_1,18111
IDN.24.10.10_1,18073
IDN.24.10.11_1,10601
IDN.24.10.13_1,141772
IDN.24.10.12_1,32150
IDN.24.11.1_1,6667
IDN.24.11.2_1,18005
IDN.24.11.3_1,32192
IDN.24.11.5_1,20302
IDN.24.11.4_1,23846
IDN.24.11.6_1,25581
IDN.24.11.7_1,17586
IDN.24.11.8_1,14405
IDN.24.11.11_1,200409
IDN.24.11.9_1,51565
IDN.24.11.10_1,48936
IDN.24.11.12_1,79316
IDN.24.11.14_1,107289
IDN.24.11.13_1,63616
IDN.24.11.15_1,28051
IDN.24.11.16_1,57723
IDN.24.12.1_1,18391
IDN.24.12.2_1,63557
IDN.24.12.3_1,68831
IDN.24.12.4_1,26379
IDN.24.12.5_1,20942
IDN.24.12.6_1,20962
IDN.24.12.7_1,12845
IDN.24.12.8_1,113584
IDN.24.12.9_1,8570
IDN.24.12.10_1,11012
IDN.24.12.11_1,39140
IDN.24.12.12_1,14173
IDN.24.12.13_1,3389
IDN.24.12.14_1,103514
IDN.25.1.2_1,33432
IDN.25.1.1_1,42305
IDN.25.1.3_1,42905
IDN.25.1.4_1,14448
IDN.25.1.5_1,36610
IDN.25.1.6_1,11759
IDN.25.1.7_1,6101
IDN.25.1.8_1,10414
IDN.25.2.1_1,9645
IDN.25.2.2_1,8324
IDN.25.2.3_1,2506
IDN.25.2.4_1,4582
IDN.25.2.5_1,16987
IDN.25.2.6_1,21611
IDN.25.2.7_1,190
IDN.25.2.8_1,3251
IDN.25.2.9_1,29585
IDN.25.2.10_1,174
IDN.25.2.11_1,3933
IDN.25.2.12_1,1102
IDN.25.2.13_1,44594
IDN.25.2.14_1,781
IDN.25.2.15_1,17644
IDN.25.2.16_1,27544
IDN.25.2.17_1,2081
IDN.25.4.1_1,0
IDN.25.4.2_1,72688
IDN.25.4.3_1,17581
IDN.25.4.4_1,104960
IDN.25.4.5_1,16299
IDN.25.4.6_1,53933
IDN.25.4.7_1,67427
IDN.25.4.8_1,8481
IDN.25.4.9_1,8765
IDN.25.4.10_1,22336
IDN.25.4.11_1,45863
IDN.25.4.13_1,26966
IDN.25.4.12_1,4450
IDN.25.4.14_1,17823
IDN.25.4.15_1,15536
IDN.25.4.16_1,16278
IDN.25.3.1_1,6492
IDN.25.3.2_1,17682
IDN.25.3.3_1,27586
IDN.25.3.4_1,15692
IDN.25.3.5_1,68501
IDN.25.3.6_1,5126
IDN.25.3.7_1,4322
IDN.25.3.8_1,62776
IDN.25.3.9_1,8914
IDN.25.3.10_1,6481
IDN.25.3.11_1,35856
IDN.25.3.12_1,21314
IDN.25.5.1_1,4767
IDN.25.5.2_1,29567
IDN.25.5.3_1,14538
IDN.25.5.4_1,26771
IDN.25.5.5_1,11600
IDN.25.5.6_1,47630
IDN.25.5.7_1,9997
IDN.25.5.8_1,38102
IDN.25.5.9_1,64236
IDN.25.5.10_1,32801
IDN.25.5.11_1,13016
IDN.25.5.12_1,78469
IDN.25.5.13_1,47258
IDN.25.5.14_1,20227
IDN.25.5.15_1,13933
IDN.25.5.16_1,55310
IDN.26.1.1_1,28281
IDN.26.1.2_1,25788
IDN.26.1.3_1,7485
IDN.26.1.4_1,17953
IDN.26.1.5_1,67800
IDN.26.1.6_1,6672
IDN.26.1.7_1,17574
IDN.26.1.8_1,8989
IDN.26.2.1_1,17018
IDN.26.2.2_1,54200
IDN.26.2.3_1,27184
IDN.26.2.4_1,15401
IDN.26.2.5_1,11752
IDN.26.2.6_1,26743
IDN.26.2.7_1,30358
IDN.26.3.1_1,36786
IDN.26.3.2_1,26142
IDN.26.3.3_1,31621
IDN.26.3.4_1,28716
IDN.26.3.5_1,29822
IDN.26.3.6_1,7313
IDN.26.3.7_1,13641
IDN.26.3.8_1,24380
IDN.26.3.9_1,33263
IDN.26.3.10_1,56553
IDN.26.3.11_1,36356
IDN.26.3.12_1,27218
IDN.26.3.13_1,35070
IDN.26.3.14_1,53685
IDN.26.3.15_1,24172
IDN.26.3.16_1,22033
IDN.26.3.17_1,19188
IDN.26.3.18_1,9544
IDN.26.3.19_1,16570
IDN.26.3.20_1,24707
IDN.26.3.23_1,59150
IDN.26.3.21_1,59207
IDN.26.3.22_1,28802
IDN.26.3.24_1,6788
IDN.26.3.25_1,35093
IDN.26.3.26_1,13319
IDN.26.3.27_1,42905
IDN.26.4.1_1,24399
IDN.26.4.2_1,9633
IDN.26.4.3_1,55474
IDN.26.4.4_1,148835
IDN.26.4.5_1,8663
IDN.26.4.6_1,20117
IDN.26.4.7_1,25595
IDN.26.4.8_1,48892
IDN.26.4.9_1,79879
IDN.26.4.10_1,35699
IDN.26.5.1_1,20307
IDN.26.5.2_1,22023
IDN.26.5.3_1,16509
IDN.26.5.4_1,5547
IDN.26.5.5_1,2923
IDN.26.5.6_1,4797
IDN.26.5.7_1,12030
IDN.26.5.8_1,11982
IDN.26.5.9_1,46327
IDN.26.5.10_1,51564
IDN.26.5.11_1,14726
IDN.26.5.12_1,10303
IDN.26.6.2_1,78272
IDN.26.6.1_1,26516
IDN.26.6.3_1,44358
IDN.26.6.4_1,62047
IDN.26.6.5_1,7472
IDN.26.6.6_1,69482
IDN.26.6.8_1,44749
IDN.26.6.7_1,28872
IDN.26.6.9_1,7946
IDN.26.6.10_1,5799
IDN.26.6.11_1,118505
IDN.26.6.12_1,11032
IDN.26.6.13_1,11515
IDN.26.6.14_1,49489
IDN.26.6.15_1,224206
IDN.26.6.16_1,36702
IDN.26.6.17_1,18447
IDN.26.6.18_1,24827
IDN.26.7.1_1,48066
IDN.26.7.3_1,35672
IDN.26.7.2_1,26530
IDN.26.7.4_1,38204
IDN.26.7.5_1,58701
IDN.26.7.6_1,25833
IDN.26.7.7_1,24310
IDN.26.7.8_1,18596
IDN.26.7.9_1,41320
IDN.26.7.10_1,44402
IDN.26.7.11_1,56264
IDN.26.8.1_1,22953
IDN.26.8.2_1,17261
IDN.26.8.3_1,4046
IDN.26.8.4_1,20585
IDN.26.8.5_1,9379
IDN.26.8.6_1,4659
IDN.26.8.7_1,12370
IDN.26.8.8_1,19588
IDN.26.8.10_1,6472
IDN.26.8.9_1,8252
IDN.26.8.11_1,9091
IDN.26.11.2_1,14934
IDN.26.11.1_1,6029
IDN.26.11.3_1,13386
IDN.26.11.5_1,25371
IDN.26.11.4_1,17740
IDN.26.11.6_1,50728
IDN.26.11.7_1,18109
IDN.26.11.8_1,9733
IDN.26.11.10_1,20505
IDN.26.11.9_1,16307
IDN.26.11.12_1,18839
IDN.26.11.11_1,21570
IDN.26.11.13_1,846
IDN.26.11.15_1,34091
IDN.26.11.14_1,26978
IDN.26.11.17_1,21845
IDN.26.11.16_1,5217
IDN.26.11.21_1,17524
IDN.26.11.18_1,3488
IDN.26.11.19_1,16003
IDN.26.11.20_1,15681
IDN.26.9.1_1,16626
IDN.26.9.2_1,53597
IDN.26.9.3_1,299
IDN.26.9.4_1,18178
IDN.26.9.5_1,24683
IDN.26.9.6_1,16706
IDN.26.9.7_1,30785
IDN.26.9.9_1,33634
IDN.26.9.8_1,21364
IDN.26.9.10_1,21719
IDN.26.9.11_1,12281
IDN.26.9.12_1,51485
IDN.26.10.1_1,46469
IDN.26.10.2_1,48157
IDN.26.10.3_1,5405
IDN.26.10.5_1,9278
IDN.26.10.4_1,6516
IDN.26.10.6_1,22385
IDN.26.10.7_1,56765
IDN.26.10.8_1,30174
IDN.26.10.9_1,29745
IDN.26.10.10_1,53092
IDN.26.10.11_1,46747
IDN.26.12.1_1,301413
IDN.26.12.2_1,33226
IDN.26.12.3_1,47646
IDN.26.12.4_1,42013
IDN.26.12.5_1,185014
IDN.26.12.6_1,33972
IDN.26.12.7_1,189491
IDN.26.12.8_1,177122
IDN.26.12.9_1,84468
IDN.26.12.10_1,241235
IDN.26.12.11_1,182677
IDN.26.12.12_1,43177
IDN.26.12.13_1,22869
IDN.26.12.14_1,32571
IDN.26.13.1_1,47884
IDN.26.13.2_1,8428
IDN.26.13.3_1,6429
IDN.26.13.4_1,6080
IDN.26.13.5_1,29693
IDN.26.13.6_1,4062
IDN.26.13.7_1,54050
IDN.26.13.8_1,12416
IDN.26.13.9_1,23640
IDN.26.13.10_1,19060
IDN.26.13.11_1,30695
IDN.26.13.12_1,17452
IDN.26.13.13_1,4185
IDN.26.13.14_1,45623
IDN.26.14.1_1,29093
IDN.26.14.2_1,7652
IDN.26.14.3_1,6119
IDN.26.14.4_1,15036
IDN.26.14.9_1,38600
IDN.26.14.5_1,8956
IDN.26.14.6_1,26947
IDN.26.14.7_1,27830
IDN.26.14.8_1,23740
IDN.26.15.1_1,35063
IDN.26.15.2_1,67955
IDN.26.15.3_1,33813
IDN.26.15.4_1,6266
IDN.26.15.5_1,8037
IDN.26.15.7_1,747
IDN.26.15.6_1,4194
IDN.26.15.8_1,17985
IDN.26.15.9_1,14670
IDN.26.15.10_1,69272
IDN.26.15.11_1,61080
IDN.26.15.12_1,23577
IDN.26.15.13_1,25676
IDN.26.16.1_1,27587
IDN.26.16.2_1,47025
IDN.26.16.3_1,44084
IDN.26.16.4_1,32724
IDN.26.17.1_1,19122
IDN.26.17.2_1,21516
IDN.26.17.3_1,47778
IDN.26.17.4_1,23218
IDN.26.17.5_1,22194
IDN.26.17.6_1,63428
IDN.26.17.7_1,20969
IDN.26.17.8_1,40053
IDN.26.17.9_1,43439
IDN.26.17.10_1,28244
IDN.26.17.11_1,26709
IDN.26.17.12_1,43288
IDN.26.18.1_1,24649
IDN.26.18.2_1,33898
IDN.26.18.3_1,10474
IDN.26.18.4_1,74542
IDN.26.18.5_1,18072
IDN.26.18.6_1,22504
IDN.26.18.7_1,12640
IDN.26.18.8_1,25326
IDN.26.18.9_1,17250
IDN.26.18.10_1,48231
IDN.26.18.11_1,25980
IDN.26.19.1_1,8672
IDN.26.19.2_1,1147
IDN.26.19.3_1,16436
IDN.26.19.4_1,11285
IDN.26.19.5_1,32331
IDN.26.19.6_1,8619
IDN.26.19.7_1,34998
IDN.26.19.8_1,113413
IDN.26.19.9_1,21427
IDN.26.20.1_1,4345
IDN.26.20.2_1,25254
IDN.26.20.3_1,15295
IDN.26.20.4_1,64524
IDN.26.20.5_1,24366
IDN.26.20.6_1,31618
IDN.26.20.7_1,28005
IDN.26.20.8_1,37681
IDN.26.21.3_1,32522
IDN.26.21.1_1,19643
IDN.26.21.2_1,28920
IDN.26.21.4_1,59400
IDN.26.21.5_1,9346
IDN.26.21.6_1,37066
IDN.26.21.7_1,19925
IDN.26.21.8_1,69272
IDN.26.21.9_1,14752
IDN.26.22.1_1,15330
IDN.26.22.2_1,17878
IDN.26.22.3_1,2714
IDN.26.22.4_1,11984
IDN.26.22.7_1,34987
IDN.26.22.5_1,784
IDN.26.22.6_1,7567
IDN.26.22.8_1,3175
IDN.26.22.9_1,0
IDN.26.22.10_1,1403
IDN.26.22.11_1,21499
IDN.26.22.12_1,7168
IDN.26.22.13_1,15864
IDN.26.22.14_1,6809
IDN.26.22.15_1,7616
IDN.26.22.16_1,21417
IDN.26.22.18_1,4707
IDN.26.22.17_1,14173
IDN.26.22.19_1,741
IDN.26.23.1_1,9907
IDN.26.23.2_1,24123
IDN.26.23.3_1,6749
IDN.26.23.4_1,1384
IDN.26.23.5_1,6275
IDN.26.23.6_1,8063
IDN.26.23.7_1,10366
IDN.26.23.8_1,1372
IDN.26.23.9_1,12129
IDN.26.23.10_1,51403
IDN.26.23.11_1,39205
IDN.26.23.12_1,15511
IDN.26.23.13_1,9690
IDN.26.23.14_1,11665
IDN.26.23.15_1,17931
IDN.26.23.17_1,15481
IDN.26.23.16_1,3395
IDN.26.23.18_1,3156
IDN.26.23.19_1,18479
IDN.26.23.20_1,1876
IDN.26.23.21_1,19924
IDN.26.24.1_1,45953
IDN.26.24.2_1,13203
IDN.26.24.3_1,1004
IDN.26.24.4_1,0
IDN.26.24.5_1,16657
IDN.26.24.6_1,22318
IDN.26.24.7_1,20751
IDN.26.24.8_1,33244
IDN.26.24.9_1,33902
IDN.26.24.10_1,16379
IDN.26.24.11_1,38295
IDN.26.24.12_1,39542
IDN.26.24.13_1,19301
IDN.26.24.14_1,12857
IDN.26.24.15_1,56517
IDN.26.24.16_1,58638
IDN.27.2.2_1,15970
IDN.27.2.1_1,6434
IDN.27.2.4_1,15818
IDN.27.2.3_1,14745
IDN.27.2.5_1,43117
IDN.27.2.6_1,16551
IDN.27.2.7_1,13819
IDN.27.2.8_1,28694
IDN.27.2.9_1,5283
IDN.27.2.11_1,57706
IDN.27.2.10_1,13029
IDN.27.2.12_1,30386
IDN.27.2.13_1,24043
IDN.27.2.14_1,9174
IDN.27.2.15_1,25450
IDN.27.2.16_1,8844
IDN.27.2.18_1,25720
IDN.27.2.17_1,17758
IDN.27.1.4_1,30187
IDN.27.1.1_1,4351
IDN.27.1.2_1,8972
IDN.27.1.3_1,3622
IDN.27.1.5_1,14416
IDN.27.1.6_1,34518
IDN.27.1.8_1,8002
IDN.27.1.7_1,4532
IDN.27.1.11_1,4067
IDN.27.1.9_1,12633
IDN.27.1.10_1,6027
IDN.27.1.12_1,2015
IDN.27.1.13_1,5052
IDN.27.1.14_1,5823
IDN.27.1.17_1,18071
IDN.27.1.15_1,8983
IDN.27.1.16_1,7774
IDN.27.1.19_1,7472
IDN.27.1.18_1,19489
IDN.27.3.1_1,33168
IDN.27.3.2_1,8538
IDN.27.3.3_1,8583
IDN.27.3.4_1,7392
IDN.27.3.5_1,14094
IDN.27.3.6_1,3690
IDN.27.3.7_1,14585
IDN.27.3.8_1,23604
IDN.27.3.10_1,18678
IDN.27.3.9_1,3093
IDN.27.3.11_1,9845
IDN.27.4.2_1,18772
IDN.27.4.1_1,2066
IDN.27.4.5_1,44493
IDN.27.4.3_1,14743
IDN.27.4.4_1,3864
IDN.27.4.6_1,33832
IDN.27.4.7_1,48427
IDN.27.4.8_1,0
IDN.27.4.9_1,17274
IDN.27.4.12_1,17536
IDN.27.4.10_1,4061
IDN.27.4.11_1,5156
IDN.27.4.13_1,14477
IDN.27.4.15_1,19467
IDN.27.4.14_1,5531
IDN.27.4.16_1,19129
IDN.27.5.1_1,30380
IDN.27.5.2_1,7573
IDN.27.5.3_1,13557
IDN.27.5.4_1,36155
IDN.27.5.5_1,21342
IDN.27.5.6_1,3539
IDN.27.5.7_1,16376
IDN.27.5.8_1,7082
IDN.27.5.9_1,33306
IDN.27.5.10_1,26661
IDN.27.5.11_1,9427
IDN.27.5.12_1,22207
IDN.27.5.13_1,4640
IDN.27.5.14_1,17195
IDN.27.6.1_1,94749
IDN.27.6.2_1,140892
IDN.27.6.3_1,94845
IDN.27.6.4_1,81271
IDN.27.7.1_1,18885
IDN.27.7.2_1,31819
IDN.27.7.3_1,33561
IDN.27.7.4_1,13966
IDN.27.7.5_1,15261
IDN.27.7.6_1,16137
IDN.27.7.7_1,9745
IDN.27.7.12_1,54369
IDN.27.7.8_1,10276
IDN.27.7.9_1,36962
IDN.27.7.10_1,11192
IDN.27.7.11_1,13684
IDN.27.7.13_1,22816
IDN.27.7.14_1,17547
IDN.27.7.15_1,8240
IDN.27.7.17_1,16606
IDN.27.7.16_1,11893
IDN.27.7.18_1,8121
IDN.27.7.19_1,6249
IDN.27.7.20_1,24852
IDN.27.8.1_1,4219
IDN.27.8.2_1,27155
IDN.27.8.3_1,4848
IDN.27.8.4_1,3360
IDN.27.8.5_1,7862
IDN.27.8.6_1,12471
IDN.27.8.7_1,6888
IDN.27.8.8_1,14368
IDN.27.8.9_1,12453
IDN.27.8.10_1,21557
IDN.27.8.11_1,9488
IDN.27.8.12_1,16861
IDN.27.8.13_1,77047
IDN.27.8.16_1,19490
IDN.27.8.14_1,17100
IDN.27.8.15_1,12235
IDN.27.8.19_1,42861
IDN.27.8.17_1,13382
IDN.27.8.18_1,9810
IDN.27.9.3_1,48391
IDN.27.9.1_1,27244
IDN.27.9.2_1,33756
IDN.27.9.4_1,30296
IDN.27.9.5_1,3754
IDN.27.9.7_1,13577
IDN.27.9.6_1,9043
IDN.27.9.8_1,6853
IDN.27.9.10_1,40579
IDN.27.9.9_1,0
IDN.27.9.11_1,44622
IDN.27.9.12_1,106583
IDN.27.9.13_1,5800
IDN.27.9.14_1,78725
IDN.27.9.15_1,9272
IDN.27.10.1_1,39584
IDN.27.10.2_1,28300
IDN.27.10.3_1,4388
IDN.27.10.5_1,34552
IDN.27.10.4_1,44981
IDN.27.10.6_1,13688
IDN.27.10.7_1,8792
IDN.27.10.8_1,12436
IDN.27.10.9_1,3899
IDN.27.11.1_1,82924
IDN.27.11.2_1,8292
IDN.27.11.3_1,13331
IDN.27.11.4_1,35674
IDN.27.11.5_1,15414
IDN.27.11.6_1,26296
IDN.27.11.7_1,37251
IDN.27.11.8_1,7103
IDN.27.11.9_1,8178
IDN.27.11.10_1,19934
IDN.28.1.1_1,32306
IDN.28.1.2_1,9418
IDN.28.1.3_1,16742
IDN.28.1.4_1,7096
IDN.28.1.5_1,41669
IDN.28.1.6_1,20186
IDN.28.1.7_1,51109
IDN.28.2.6_1,6417
IDN.28.2.1_1,5891
IDN.28.2.2_1,6047
IDN.28.2.3_1,7141
IDN.28.2.4_1,6095
IDN.28.2.5_1,11759
IDN.28.2.7_1,0
IDN.28.2.8_1,18245
IDN.28.2.9_1,6547
IDN.28.2.10_1,4608
IDN.28.2.17_1,10453
IDN.28.2.11_1,24873
IDN.28.2.12_1,9900
IDN.28.2.13_1,6095
IDN.28.2.14_1,3904
IDN.28.2.15_1,17152
IDN.28.2.16_1,25837
IDN.28.2.19_1,11276
IDN.28.2.18_1,30115
IDN.28.2.21_1,12219
IDN.28.2.20_1,6366
IDN.28.2.22_1,5133
IDN.28.4.1_1,50667
IDN.28.4.2_1,6935
IDN.28.4.3_1,17985
IDN.28.4.4_1,10057
IDN.28.4.5_1,4687
IDN.28.4.6_1,19257
IDN.28.4.7_1,11880
IDN.28.4.9_1,6475
IDN.28.4.8_1,2890
IDN.28.4.12_1,34117
IDN.28.4.10_1,7132
IDN.28.4.11_1,9707
IDN.28.4.13_1,55970
IDN.28.4.14_1,22066
IDN.28.4.15_1,676
IDN.28.4.17_1,34440
IDN.28.4.16_1,28275
IDN.28.4.18_1,6338
IDN.28.4.19_1,4802
IDN.28.4.20_1,1284
IDN.28.4.21_1,2848
IDN.28.3.1_1,7449
IDN.28.3.2_1,4669
IDN.28.3.5_1,20521
IDN.28.3.3_1,3490
IDN.28.3.4_1,5654
IDN.28.3.6_1,11827
IDN.28.5.1_1,25317
IDN.28.5.2_1,52216
IDN.28.5.3_1,61661
IDN.28.5.4_1,68251
IDN.28.5.6_1,17438
IDN.28.5.5_1,40321
IDN.28.5.7_1,44974
IDN.28.5.8_1,55435
IDN.28.5.9_1,42191
IDN.28.5.10_1,46384
IDN.28.7.1_1,11372
IDN.28.7.2_1,30961
IDN.28.7.3_1,37237
IDN.28.7.4_1,11429
IDN.28.7.5_1,82175
IDN.28.7.6_1,11103
IDN.28.7.7_1,18891
IDN.28.7.8_1,25197
IDN.28.7.9_1,34166
IDN.28.7.10_1,3206
IDN.28.7.11_1,35946
IDN.28.7.12_1,7346
IDN.28.7.13_1,6926
IDN.28.7.14_1,15662
IDN.28.7.15_1,39939
IDN.28.7.16_1,7091
IDN.28.7.17_1,21235
IDN.28.7.18_1,15966
IDN.28.7.19_1,13917
IDN.28.7.20_1,13041
IDN.28.6.1_1,21214
IDN.28.6.2_1,10341
IDN.28.6.3_1,10689
IDN.28.6.4_1,18089
IDN.28.6.5_1,47999
IDN.28.6.6_1,26635
IDN.28.6.9_1,11449
IDN.28.6.7_1,6024
IDN.28.6.8_1,12353
IDN.28.6.10_1,5643
IDN.28.6.11_1,11476
IDN.28.6.12_1,4043
IDN.28.6.13_1,4163
IDN.28.6.14_1,8218
IDN.28.6.15_1,5336
IDN.28.10.1_1,14466
IDN.28.10.2_1,17150
IDN.28.10.3_1,10572
IDN.28.10.4_1,395
IDN.28.10.5_1,7264
IDN.28.10.6_1,4406
IDN.28.10.7_1,1452
IDN.28.10.8_1,10793
IDN.28.10.9_1,4403
IDN.28.10.10_1,5511
IDN.28.10.11_1,1989
IDN.28.10.12_1,7606
IDN.28.10.13_1,11443
IDN.28.10.14_1,16950
IDN.28.10.15_1,6176
IDN.28.10.16_1,1518
IDN.28.10.17_1,8621
IDN.28.10.18_1,2863
IDN.28.10.19_1,12009
IDN.28.10.20_1,11767
IDN.28.10.21_1,58371
IDN.28.10.22_1,4025
IDN.28.10.23_1,331
IDN.28.10.24_1,1956
IDN.28.10.25_1,1434
IDN.28.10.27_1,1556
IDN.28.10.26_1,1751
IDN.28.10.28_1,3615
IDN.28.10.29_1,31981
IDN.28.10.30_1,31178
IDN.28.8.1_1,43414
IDN.28.8.2_1,7758
IDN.28.8.3_1,10361
IDN.28.8.4_1,5773
IDN.28.8.5_1,9096
IDN.28.8.6_1,9921
IDN.28.8.7_1,15349
IDN.28.8.8_1,30070
IDN.28.8.9_1,26731
IDN.28.8.10_1,15145
IDN.28.8.11_1,15260
IDN.28.8.12_1,23796
IDN.28.8.13_1,2032
IDN.28.8.15_1,21936
IDN.28.8.14_1,14326
IDN.28.8.16_1,32592
IDN.28.8.18_1,18636
IDN.28.8.17_1,5084
IDN.28.8.20_1,37101
IDN.28.8.19_1,11063
IDN.28.8.21_1,14721
IDN.28.8.22_1,9667
IDN.28.9.1_1,10745
IDN.28.9.2_1,7194
IDN.28.9.3_1,4378
IDN.28.9.4_1,2717
IDN.28.9.5_1,4473
IDN.28.9.6_1,2611
IDN.28.9.7_1,2398
IDN.28.11.1_1,11652
IDN.28.11.2_1,13027
IDN.28.11.3_1,2106
IDN.28.11.4_1,7561
IDN.28.11.5_1,19647
IDN.28.11.6_1,17599
IDN.28.11.7_1,17037
IDN.28.11.8_1,29458
IDN.28.11.9_1,4507
IDN.28.11.10_1,10455
IDN.28.11.11_1,22860
IDN.28.11.12_1,5033
IDN.28.11.13_1,20147
IDN.28.11.14_1,5942
IDN.28.11.15_1,1084
IDN.28.11.16_1,9795
IDN.28.11.17_1,1445
IDN.28.11.18_1,8218
IDN.28.11.19_1,3042
IDN.28.11.20_1,10311
IDN.28.11.21_1,5233
IDN.28.11.22_1,186
IDN.28.11.23_1,16601
IDN.28.11.24_1,14210
IDN.28.11.25_1,3345
IDN.28.11.26_1,18054
IDN.28.11.27_1,413
IDN.28.11.29_1,16508
IDN.28.11.28_1,11603
IDN.28.11.30_1,2223
IDN.28.11.31_1,12185
IDN.28.11.32_1,1828
IDN.28.11.33_1,8102
IDN.28.12.1_1,4414
IDN.28.12.3_1,8745
IDN.28.12.2_1,8867
IDN.28.12.4_1,3198
IDN.28.12.6_1,8135
IDN.28.12.5_1,11967
IDN.28.12.8_1,18789
IDN.28.12.7_1,15949
IDN.29.1.1_1,27977
IDN.29.1.2_1,57335
IDN.29.1.3_1,4247
IDN.29.1.4_1,5871
IDN.29.1.5_1,58698
IDN.29.1.6_1,30566
IDN.29.1.7_1,25595
IDN.29.1.8_1,30634
IDN.29.5.1_1,2904
IDN.29.5.3_1,28141
IDN.29.5.2_1,10835
IDN.29.5.4_1,34502
IDN.29.5.5_1,30159
IDN.29.5.6_1,13892
IDN.29.5.7_1,38823
IDN.29.5.8_1,28534
IDN.29.5.9_1,10721
IDN.29.5.10_1,12755
IDN.29.5.11_1,23580
IDN.29.5.12_1,5944
IDN.29.2.1_1,22023
IDN.29.2.4_1,6436
IDN.29.2.2_1,1675
IDN.29.2.3_1,10065
IDN.29.2.5_1,27509
IDN.29.3.1_1,17463
IDN.29.3.3_1,19774
IDN.29.3.2_1,6431
IDN.29.3.4_1,10486
IDN.29.3.5_1,14241
IDN.29.4.1_1,17885
IDN.29.4.2_1,9861
IDN.29.4.3_1,22342
IDN.29.4.4_1,18759
IDN.29.4.5_1,14293
IDN.29.4.6_1,7189
IDN.29.6.1_1,17028
IDN.29.6.2_1,933
IDN.29.6.4_1,697
IDN.29.6.3_1,1948
IDN.29.6.5_1,722
IDN.29.6.8_1,3999
IDN.29.6.6_1,909
IDN.29.6.7_1,908
IDN.29.6.9_1,8374
IDN.29.6.10_1,9954
IDN.29.6.13_1,15757
IDN.29.6.11_1,3547
IDN.29.6.12_1,12946
IDN.29.6.14_1,6681
IDN.29.6.15_1,1008
IDN.29.7.3_1,4716
IDN.29.7.1_1,2167
IDN.29.7.2_1,6027
IDN.29.7.4_1,4447
IDN.29.7.6_1,4188
IDN.29.7.5_1,6234
IDN.29.7.7_1,16297
IDN.29.7.8_1,7268
IDN.29.7.9_1,3331
IDN.29.7.10_1,7816
IDN.29.7.12_1,24128
IDN.29.7.11_1,3808
IDN.29.7.13_1,3343
IDN.29.7.14_1,4120
IDN.29.7.15_1,4872
IDN.29.7.16_1,1486
IDN.29.7.17_1,6293
IDN.29.7.18_1,7068
IDN.29.7.19_1,8985
IDN.29.8.1_1,44200
IDN.29.8.2_1,36826
IDN.29.8.3_1,39781
IDN.29.8.4_1,16284
IDN.29.9.1_1,16923
IDN.29.9.2_1,69462
IDN.29.9.3_1,92096
IDN.29.9.4_1,15974
IDN.29.9.5_1,32660
IDN.29.9.6_1,76890
IDN.29.9.7_1,24217
IDN.29.9.8_1,56280
IDN.29.9.9_1,32045
IDN.29.13.1_1,952
IDN.29.13.2_1,8133
IDN.29.13.3_1,4091
IDN.29.13.4_1,25037
IDN.29.13.5_1,42386
IDN.29.13.6_1,7709
IDN.29.13.7_1,42024
IDN.29.13.8_1,1436
IDN.29.13.9_1,11811
IDN.29.13.10_1,30728
IDN.29.13.11_1,784
IDN.29.13.12_1,113735
IDN.29.13.13_1,17055
IDN.29.13.14_1,29550
IDN.29.13.15_1,34141
IDN.29.13.16_1,22086
IDN.29.13.17_1,37765
IDN.29.13.18_1,33353
IDN.29.13.19_1,11299
IDN.29.13.20_1,8461
IDN.29.13.21_1,16190
IDN.29.10.3_1,11812
IDN.29.10.1_1,15588
IDN.29.10.2_1,32758
IDN.29.10.4_1,6830
IDN.29.10.5_1,17726
IDN.29.10.6_1,33817
IDN.29.10.9_1,6318
IDN.29.10.7_1,9015
IDN.29.10.8_1,8999
IDN.29.10.10_1,24654
IDN.29.10.11_1,12728
IDN.29.10.12_1,7367
IDN.29.10.13_1,20223
IDN.29.10.14_1,20666
IDN.29.10.15_1,22839
IDN.29.10.16_1,21399
IDN.29.10.17_1,20552
IDN.29.11.1_1,11254
IDN.29.11.2_1,9293
IDN.29.11.3_1,9693
IDN.29.11.5_1,13476
IDN.29.11.4_1,5386
IDN.29.11.6_1,17358
IDN.29.11.7_1,7183
IDN.29.11.10_1,7475
IDN.29.11.8_1,10102
IDN.29.11.9_1,12004
IDN.29.11.12_1,8309
IDN.29.11.11_1,5725
IDN.29.12.1_1,32585
IDN.29.12.2_1,26171
IDN.29.12.3_1,1725
IDN.29.12.4_1,31327
IDN.29.12.5_1,31671
IDN.29.12.6_1,21338
IDN.29.12.7_1,8069
IDN.29.12.8_1,3661
IDN.29.12.9_1,63728
IDN.29.12.10_1,21886
IDN.29.12.11_1,12365
IDN.29.14.1_1,15013
IDN.29.14.4_1,5796
IDN.29.14.2_1,2699
IDN.29.14.3_1,2410
IDN.29.14.5_1,0
IDN.29.14.7_1,14458
IDN.29.14.6_1,3154
IDN.29.14.10_1,15992
IDN.29.14.8_1,2131
IDN.29.14.9_1,3250
IDN.29.15.1_1,15618
IDN.29.15.2_1,33503
IDN.29.15.3_1,31997
IDN.29.15.4_1,9859
IDN.29.15.5_1,32076
IDN.30.1.1_1,26453
IDN.30.1.2_1,32379
IDN.30.1.3_1,25412
IDN.30.1.4_1,54328
IDN.30.1.5_1,28059
IDN.30.1.6_1,20589
IDN.30.1.7_1,30978
IDN.30.1.8_1,55621
IDN.30.1.9_1,16595
IDN.30.1.10_1,21139
IDN.30.1.11_1,44077
IDN.30.1.12_1,15823
IDN.30.1.13_1,48237
IDN.30.1.14_1,17522
IDN.30.1.15_1,38350
IDN.30.1.16_1,71338
IDN.30.2.1_1,10468
IDN.30.2.2_1,16282
IDN.30.2.3_1,46015
IDN.30.3.1_1,330
IDN.30.4.1_1,12505
IDN.30.4.2_1,18654
IDN.30.4.3_1,25024
IDN.30.4.4_1,17026
IDN.30.4.5_1,18346
IDN.30.4.6_1,5681
IDN.30.4.7_1,51613
IDN.30.4.8_1,57287
IDN.30.4.9_1,18765
IDN.30.4.10_1,16668
IDN.30.4.11_1,6743
IDN.30.5.1_1,7829
IDN.30.5.2_1,1427
IDN.30.5.3_1,4306
IDN.30.5.4_1,8067
IDN.30.5.5_1,7036
IDN.30.5.6_1,2373
IDN.30.5.7_1,14764
IDN.30.5.8_1,5482
IDN.30.5.9_1,10633
IDN.30.5.10_1,18063
IDN.30.6.1_1,32125
IDN.30.6.2_1,19890
IDN.30.7.1_1,25334
IDN.30.7.2_1,36982
IDN.30.7.3_1,37199
IDN.30.7.4_1,18172
IDN.30.7.5_1,70741
IDN.30.7.6_1,93019
IDN.30.7.7_1,45999
IDN.30.7.8_1,31390
IDN.30.7.9_1,22610
IDN.30.7.10_1,25825
IDN.30.7.11_1,40863
IDN.30.7.12_1,18046
IDN.30.7.13_1,20151
IDN.30.10.1_1,54947
IDN.30.10.2_1,135641
IDN.30.10.3_1,170827
IDN.30.10.4_1,113711
IDN.30.10.5_1,110677
IDN.30.10.6_1,64361
IDN.30.10.7_1,59417
IDN.30.10.8_1,57832
IDN.30.10.9_1,82535
IDN.30.10.10_1,72329
IDN.30.10.11_1,129039
IDN.30.8.1_1,16003
IDN.30.8.2_1,18312
IDN.30.9.1_1,6925
IDN.30.9.2_1,19939
IDN.30.9.3_1,50457
IDN.30.9.4_1,15217
IDN.30.9.5_1,18450
IDN.30.9.6_1,21429
IDN.30.9.7_1,43093
IDN.30.9.8_1,29138
IDN.30.9.9_1,5660
IDN.30.9.10_1,11675
IDN.30.9.11_1,15390
IDN.30.9.12_1,9698
IDN.30.9.13_1,18062
IDN.30.9.14_1,23923
IDN.30.9.15_1,14564
IDN.30.9.16_1,6450
IDN.30.9.17_1,23377
IDN.30.11.1_1,20132
IDN.30.11.2_1,30698
IDN.30.11.3_1,16423
IDN.30.11.4_1,15605
IDN.30.13.1_1,29341
IDN.30.13.2_1,37756
IDN.30.13.3_1,104556
IDN.30.13.5_1,1699
IDN.30.13.4_1,18683
IDN.30.13.6_1,25817
IDN.30.13.7_1,43556
IDN.30.13.10_1,14230
IDN.30.13.8_1,7981
IDN.30.13.9_1,3366
IDN.30.13.11_1,11837
IDN.30.13.12_1,61078
IDN.30.12.1_1,17525
IDN.30.12.2_1,88979
IDN.30.12.3_1,18018
IDN.30.12.4_1,43893
IDN.30.12.5_1,33801
IDN.30.12.6_1,80110
IDN.30.12.7_1,17129
IDN.30.12.8_1,5592
IDN.30.12.9_1,27880
IDN.30.12.10_1,14916
IDN.30.12.11_1,46261
IDN.30.14.1_1,38890
IDN.30.14.2_1,13519
IDN.30.14.3_1,12808
IDN.30.14.4_1,32559
IDN.30.14.5_1,29095
IDN.30.15.1_1,14497
IDN.30.15.2_1,54268
IDN.30.15.3_1,43565
IDN.30.15.5_1,51768
IDN.30.15.4_1,9533
IDN.30.15.6_1,65626
IDN.30.15.7_1,55919
IDN.30.15.8_1,50375
IDN.30.15.9_1,15904
IDN.30.15.10_1,24781
IDN.30.15.11_1,45833
IDN.30.15.12_1,52794
IDN.30.16.1_1,14495
IDN.30.16.2_1,2822
IDN.30.16.3_1,2710
IDN.30.16.4_1,51468
IDN.30.17.1_1,26493
IDN.30.17.2_1,35526
IDN.30.17.3_1,33730
IDN.30.17.4_1,16406
IDN.30.17.5_1,44493
IDN.30.17.6_1,49380
IDN.30.17.7_1,22875
IDN.30.17.8_1,21833
IDN.30.19.1_1,18108
IDN.30.19.3_1,895
IDN.30.19.2_1,23323
IDN.30.19.4_1,54756
IDN.30.19.5_1,11331
IDN.30.19.6_1,8639
IDN.30.19.7_1,10715
IDN.30.19.8_1,49075
IDN.30.19.9_1,114262
IDN.30.19.10_1,14149
IDN.30.19.11_1,27498
IDN.30.19.12_1,6960
IDN.30.19.13_1,14154
IDN.30.19.14_1,19343
IDN.30.19.15_1,36615
IDN.30.18.1_1,45861
IDN.30.18.2_1,21667
IDN.30.18.6_1,20187
IDN.30.18.3_1,14252
IDN.30.18.4_1,9707
IDN.30.18.5_1,9654
IDN.30.18.7_1,38717
IDN.30.20.2_1,44831
IDN.30.20.1_1,11453
IDN.30.20.3_1,28827
IDN.30.20.5_1,34302
IDN.30.20.4_1,28848
IDN.30.20.6_1,12404
IDN.30.20.7_1,18172
IDN.30.20.8_1,31585
IDN.30.20.9_1,14397
IDN.30.20.10_1,54107
IDN.30.20.11_1,34770
IDN.30.20.12_1,16469
IDN.30.20.13_1,17111
IDN.30.20.14_1,27341
IDN.31.1.1_1,19057
IDN.31.1.2_1,24500
IDN.31.1.4_1,22252
IDN.31.1.3_1,112466
IDN.31.1.5_1,26054
IDN.31.1.6_1,15860
IDN.31.1.7_1,21692
IDN.31.1.8_1,18373
IDN.31.1.9_1,7019
IDN.31.1.10_1,15210
IDN.31.1.11_1,79945
IDN.31.1.12_1,15517
IDN.31.1.13_1,108030
IDN.31.1.14_1,9650
IDN.31.1.15_1,8149
IDN.31.2.1_1,34958
IDN.31.2.2_1,25121
IDN.31.2.3_1,27776
IDN.31.2.4_1,36239
IDN.31.2.5_1,9131
IDN.31.2.6_1,63676
IDN.31.2.7_1,28939
IDN.31.3.1_1,10395
IDN.31.3.2_1,3305
IDN.31.3.3_1,28681
IDN.31.3.4_1,8479
IDN.31.3.5_1,9331
IDN.31.3.6_1,6623
IDN.31.3.7_1,16379
IDN.31.3.8_1,10083
IDN.31.3.9_1,60291
IDN.31.3.10_1,19405
IDN.31.3.11_1,5429
IDN.31.3.12_1,39074
IDN.31.3.13_1,8787
IDN.31.3.14_1,13221
IDN.31.3.15_1,7640
IDN.31.3.16_1,34236
IDN.31.3.17_1,3840
IDN.31.3.18_1,5171
IDN.31.3.19_1,14344
IDN.31.3.20_1,9503
IDN.31.3.21_1,5698
IDN.31.4.1_1,21790
IDN.31.4.2_1,11137
IDN.31.4.3_1,14938
IDN.31.4.4_1,36167
IDN.31.4.5_1,33393
IDN.31.4.6_1,14911
IDN.31.4.7_1,29918
IDN.31.4.8_1,30600
IDN.31.5.1_1,19575
IDN.31.5.2_1,23894
IDN.31.5.3_1,118065
IDN.31.5.4_1,88366
IDN.31.5.5_1,4150
IDN.31.5.6_1,91588
IDN.31.5.7_1,36677
IDN.31.5.8_1,195690
IDN.31.5.9_1,4959
IDN.31.5.10_1,62859
IDN.31.5.12_1,17496
IDN.31.5.11_1,11609
IDN.31.5.14_1,21655
IDN.31.5.13_1,64639
IDN.31.5.15_1,11588
IDN.31.5.16_1,12889
IDN.31.5.17_1,21962
IDN.31.5.18_1,17860
IDN.31.5.19_1,64435
IDN.31.5.20_1,19190
IDN.31.5.21_1,19603
IDN.31.5.22_1,30529
IDN.31.6.1_1,32250
IDN.31.6.2_1,18769
IDN.31.6.3_1,91392
IDN.31.6.4_1,32128
IDN.31.6.5_1,53985
IDN.31.6.6_1,53106
IDN.31.6.7_1,9959
IDN.31.6.8_1,19746
IDN.31.6.9_1,57585
IDN.31.6.10_1,61244
IDN.31.6.11_1,146272
IDN.31.7.1_1,65099
IDN.31.7.2_1,21894
IDN.31.7.3_1,15912
IDN.31.7.4_1,53092
IDN.31.7.5_1,46007
IDN.31.7.6_1,20535
IDN.31.7.7_1,31982
IDN.31.7.8_1,57757
IDN.31.7.9_1,41438
IDN.31.7.10_1,16581
IDN.31.7.11_1,26057
IDN.31.7.12_1,25997
IDN.31.7.13_1,31113
IDN.31.7.14_1,14411
IDN.31.7.15_1,22898
IDN.31.7.16_1,29305
IDN.31.7.17_1,20671
IDN.31.7.18_1,17346
IDN.31.7.19_1,25562
IDN.31.7.20_1,27089
IDN.31.7.21_1,16808
IDN.31.8.3_1,50446
IDN.31.8.1_1,16057
IDN.31.8.2_1,92724
IDN.31.8.4_1,7755
IDN.31.8.5_1,16026
IDN.31.8.6_1,35591
IDN.31.8.7_1,15572
IDN.31.8.10_1,42336
IDN.31.8.8_1,16486
IDN.31.8.9_1,6016
IDN.31.8.11_1,57525
IDN.31.8.12_1,7248
IDN.31.8.13_1,7327
IDN.31.8.14_1,15836
IDN.31.8.15_1,34946
IDN.31.8.16_1,38259
IDN.31.9.1_1,59906
IDN.31.9.2_1,17910
IDN.31.9.3_1,66060
IDN.31.9.4_1,124664
IDN.31.9.6_1,87892
IDN.31.9.5_1,28080
IDN.31.9.9_1,34946
IDN.31.9.7_1,28128
IDN.31.9.8_1,17140
IDN.31.9.10_1,41625
IDN.31.9.11_1,41510
IDN.31.9.13_1,27035
IDN.31.9.12_1,17515
IDN.31.9.14_1,46313
IDN.31.9.15_1,22895
IDN.31.9.16_1,52161
IDN.31.9.17_1,37081
IDN.31.9.18_1,40121
IDN.31.12.1_1,13766
IDN.31.12.2_1,60490
IDN.31.12.3_1,5019
IDN.31.12.4_1,21132
IDN.31.12.5_1,16058
IDN.31.12.6_1,1747
IDN.31.12.7_1,3678
IDN.31.12.8_1,140207
IDN.31.12.9_1,15791
IDN.31.12.10_1,7802
IDN.31.12.11_1,5131
IDN.31.12.12_1,689
IDN.31.10.1_1,17950
IDN.31.10.2_1,3784
IDN.31.10.3_1,20896
IDN.31.10.4_1,17571
IDN.31.10.5_1,20977
IDN.31.10.6_1,7928
IDN.31.10.7_1,26332
IDN.31.10.8_1,10457
IDN.31.10.9_1,25282
IDN.31.10.10_1,15210
IDN.31.10.12_1,52526
IDN.31.10.11_1,29808
IDN.31.10.13_1,22610
IDN.31.10.14_1,15167
IDN.31.10.15_1,14912
IDN.31.10.16_1,7604
IDN.31.10.17_1,11735
IDN.31.10.18_1,6663
IDN.31.10.19_1,15354
IDN.31.11.6_1,101974
IDN.31.11.1_1,40538
IDN.31.11.2_1,53736
IDN.31.11.3_1,24354
IDN.31.11.4_1,59268
IDN.31.11.5_1,28501
IDN.31.11.8_1,57228
IDN.31.11.7_1,71175
IDN.31.11.9_1,10447
IDN.31.11.10_1,23628
IDN.31.11.11_1,4929
IDN.31.11.12_1,25851
IDN.31.11.13_1,2535
IDN.31.11.14_1,48190
IDN.31.11.15_1,31139
IDN.31.11.16_1,28279
IDN.31.11.17_1,39678
IDN.31.11.18_1,24735
IDN.31.11.19_1,52653
IDN.31.11.20_1,11791
IDN.31.13.1_1,23994
IDN.31.13.2_1,23137
IDN.31.13.3_1,51085
IDN.31.13.4_1,38757
IDN.31.13.5_1,48409
IDN.31.14.1_1,136902
IDN.31.14.2_1,42726
IDN.31.14.3_1,116675
IDN.31.14.4_1,288333
IDN.31.14.5_1,48823
IDN.31.14.6_1,84675
IDN.31.14.7_1,191981
IDN.31.14.8_1,140010
IDN.31.14.9_1,89434
IDN.31.14.10_1,94966
IDN.31.14.11_1,75498
IDN.31.14.12_1,42627
IDN.31.14.13_1,149424
IDN.31.14.14_1,87476
IDN.31.14.15_1,18606
IDN.31.14.16_1,127523
IDN.31.15.1_1,18586
IDN.31.15.2_1,31113
IDN.31.15.3_1,24110
IDN.31.15.4_1,57442
IDN.31.15.5_1,16461
IDN.31.15.6_1,16788
IDN.32.1.2_1,16138
IDN.32.1.1_1,12599
IDN.32.1.3_1,13718
IDN.32.1.4_1,31324
IDN.32.1.5_1,57625
IDN.32.1.6_1,39227
IDN.32.1.7_1,18367
IDN.32.1.8_1,22289
IDN.32.1.9_1,52024
IDN.32.1.10_1,67196
IDN.32.1.11_1,43626
IDN.32.1.12_1,35363
IDN.32.1.13_1,38171
IDN.32.1.14_1,18205
IDN.32.1.15_1,52365
IDN.32.1.16_1,28741
IDN.32.1.19_1,52881
IDN.32.1.17_1,8930
IDN.32.1.18_1,5465
IDN.32.1.20_1,12495
IDN.32.1.21_1,10104
IDN.32.1.22_1,39034
IDN.32.1.23_1,13423
IDN.32.1.24_1,14173
IDN.32.1.25_1,8816
IDN.32.2.1_1,62833
IDN.32.2.2_1,94943
IDN.32.2.3_1,75498
IDN.32.2.4_1,40941
IDN.32.2.5_1,79098
IDN.32.2.6_1,45193
IDN.32.2.7_1,33565
IDN.32.3.1_1,933
IDN.32.3.2_1,50158
IDN.32.3.3_1,12515
IDN.32.3.4_1,26632
IDN.32.3.5_1,2987
IDN.32.3.6_1,37909
IDN.32.3.9_1,11505
IDN.32.3.7_1,3646
IDN.32.3.8_1,15540
IDN.32.3.10_1,3641
IDN.32.3.11_1,7438
IDN.32.3.12_1,19712
IDN.32.3.13_1,33748
IDN.32.3.14_1,60833
IDN.32.3.15_1,36013
IDN.32.4.1_1,19243
IDN.32.4.2_1,78114
IDN.32.4.3_1,61482
IDN.32.4.4_1,46262
IDN.32.4.5_1,80380
IDN.32.4.6_1,47810
IDN.32.4.7_1,4274
IDN.32.4.8_1,193976
IDN.32.4.9_1,28799
IDN.32.4.10_1,43069
IDN.32.4.11_1,63214
IDN.32.4.12_1,56995
IDN.32.4.13_1,40209
IDN.32.4.14_1,120532
IDN.32.4.15_1,69752
IDN.32.4.16_1,68135
IDN.32.4.17_1,482292
IDN.32.4.18_1,19852
IDN.32.4.19_1,32925
IDN.32.4.20_1,9946
IDN.32.4.21_1,361385
IDN.32.4.22_1,245111
IDN.32.5.6_1,78051
IDN.32.5.1_1,2531
IDN.32.5.2_1,3845
IDN.32.5.3_1,22778
IDN.32.5.4_1,18295
IDN.32.5.5_1,13386
IDN.32.6.1_1,2090
IDN.32.6.2_1,78172
IDN.32.6.3_1,65317
IDN.32.6.4_1,9704
IDN.32.6.5_1,11086
IDN.32.6.6_1,12835
IDN.32.6.7_1,16335
IDN.32.6.8_1,29894
IDN.32.6.9_1,4689
IDN.32.6.10_1,1474
IDN.32.7.1_1,9583
IDN.32.7.2_1,71790
IDN.32.7.3_1,23610
IDN.32.7.4_1,6125
IDN.32.7.5_1,49033
IDN.32.7.6_1,16148
IDN.32.7.7_1,26107
IDN.32.7.8_1,17461
IDN.32.7.9_1,14870
IDN.32.7.10_1,26280
IDN.32.7.11_1,29551
IDN.32.7.12_1,32043
IDN.32.7.13_1,12889
IDN.32.7.14_1,18856
IDN.32.7.15_1,41060
IDN.32.7.16_1,15084
IDN.32.7.17_1,18623
IDN.32.8.1_1,73538
IDN.32.8.2_1,31691
IDN.32.8.3_1,60324
IDN.32.8.4_1,62732
IDN.32.8.5_1,109225
IDN.32.9.1_1,93101
IDN.32.9.2_1,56192
IDN.32.9.3_1,83903
IDN.32.9.4_1,66542
IDN.32.9.5_1,215448
IDN.32.9.6_1,111611
IDN.32.9.7_1,142933
IDN.32.9.8_1,140463
IDN.32.9.10_1,76732
IDN.32.9.9_1,85343
IDN.32.9.11_1,147527
IDN.32.9.12_1,42258
IDN.32.9.13_1,178479
IDN.32.9.14_1,58883
IDN.32.9.15_1,70432
IDN.32.9.16_1,97529
IDN.32.9.17_1,157705
IDN.32.9.18_1,145314
IDN.32.9.19_1,91460
IDN.32.9.20_1,115847
IDN.32.9.21_1,137756
IDN.32.10.2_1,110044
IDN.32.10.1_1,25013
IDN.32.10.3_1,33755
IDN.32.10.4_1,11349
IDN.32.10.5_1,3087
IDN.32.10.6_1,28821
IDN.32.13.1_1,19247
IDN.32.13.2_1,42883
IDN.32.13.3_1,92716
IDN.32.13.4_1,26408
IDN.32.13.5_1,31518
IDN.32.13.6_1,26624
IDN.32.13.7_1,33893
IDN.32.13.8_1,69098
IDN.32.13.9_1,60709
IDN.32.11.1_1,75674
IDN.32.11.2_1,82913
IDN.32.11.3_1,7959
IDN.32.11.4_1,27551
IDN.32.11.5_1,96332
IDN.32.12.1_1,34515
IDN.32.12.2_1,47751
IDN.32.12.3_1,67432
IDN.32.12.4_1,71437
IDN.32.12.5_1,55508
IDN.32.12.6_1,85109
IDN.32.12.7_1,38149
IDN.32.12.8_1,109492
IDN.32.14.1_1,5668
IDN.32.15.1_1,62777
IDN.32.15.2_1,24835
IDN.32.15.3_1,57838
IDN.32.15.4_1,55316
IDN.32.15.5_1,25794
IDN.32.15.6_1,30982
IDN.32.15.7_1,53174
IDN.32.15.8_1,43284
IDN.32.15.9_1,33498
IDN.32.15.10_1,10196
IDN.32.15.11_1,39259
IDN.32.15.12_1,63875
IDN.32.15.13_1,19867
IDN.32.15.14_1,17841
IDN.32.15.15_1,20493
IDN.32.15.16_1,76878
IDN.32.15.17_1,52747
IDN.32.15.18_1,43937
IDN.32.15.19_1,99493
IDN.32.15.20_1,15379
IDN.32.15.21_1,135236
IDN.32.15.22_1,33964
IDN.32.15.23_1,29216
IDN.32.16.1_1,9845
IDN.32.16.2_1,17250
IDN.32.16.3_1,15529
IDN.32.16.4_1,6657
IDN.32.16.5_1,43529
IDN.32.16.6_1,10172
IDN.32.16.7_1,16691
IDN.32.16.8_1,11746
IDN.32.16.9_1,1341
IDN.32.16.10_1,10844
IDN.32.16.11_1,16558
IDN.32.16.12_1,1109
IDN.32.16.17_1,118946
IDN.32.16.13_1,16207
IDN.32.16.14_1,7136
IDN.32.16.15_1,574
IDN.32.16.16_1,42928
IDN.32.16.18_1,5029
IDN.32.16.19_1,9320
IDN.32.16.20_1,67910
IDN.32.16.21_1,13204
IDN.32.16.22_1,6329
IDN.32.16.23_1,2858
IDN.32.20.1_1,32182
IDN.32.20.2_1,3029
IDN.32.20.3_1,43618
IDN.32.20.4_1,2724
IDN.32.20.5_1,4352
IDN.32.20.6_1,67385
IDN.32.20.7_1,0
IDN.32.20.8_1,522
IDN.32.20.9_1,3353
IDN.32.17.1_1,16875
IDN.32.17.2_1,6989
IDN.32.17.5_1,25939
IDN.32.17.3_1,9828
IDN.32.17.4_1,2283
IDN.32.17.6_1,0
IDN.32.17.7_1,23836
IDN.32.17.8_1,3845
IDN.32.18.1_1,10677
IDN.32.18.2_1,1231
IDN.32.18.3_1,64374
IDN.32.18.4_1,11126
IDN.32.18.5_1,19491
IDN.32.18.6_1,3059
IDN.32.18.7_1,32571
IDN.32.18.8_1,5880
IDN.32.18.9_1,15935
IDN.32.18.10_1,15832
IDN.32.18.11_1,6155
IDN.32.18.12_1,1630
IDN.32.18.15_1,23658
IDN.32.18.14_1,4495
IDN.32.18.13_1,9890
IDN.32.18.16_1,2852
IDN.32.18.17_1,63566
IDN.32.18.18_1,14980
IDN.32.18.19_1,7130
IDN.32.19.1_1,5911
IDN.32.19.3_1,16644
IDN.32.19.2_1,2899
IDN.32.19.5_1,26062
IDN.32.19.4_1,962
IDN.32.19.6_1,24366
IDN.32.19.7_1,4083
IDN.32.19.8_1,3121
IDN.32.19.9_1,17216
IDN.32.19.10_1,1707
IDN.32.19.11_1,20618
IDN.32.22.2_1,44465
IDN.32.22.1_1,41931
IDN.32.22.3_1,25337
IDN.32.22.4_1,9982
IDN.32.22.5_1,27299
IDN.32.22.6_1,26561
IDN.32.22.7_1,15093
IDN.32.22.8_1,4807
IDN.32.22.9_1,19808
IDN.32.21.1_1,38680
IDN.32.21.3_1,16120
IDN.32.21.2_1,9727
IDN.32.21.4_1,84436
IDN.32.21.5_1,14034
IDN.32.21.7_1,133855
IDN.32.21.6_1,17667
IDN.32.21.8_1,28601
IDN.32.21.9_1,29362
IDN.32.23.1_1,4344
IDN.32.23.2_1,36609
IDN.32.23.3_1,16260
IDN.32.23.4_1,77152
IDN.32.23.5_1,46741
IDN.32.23.6_1,68293
IDN.32.24.1_1,2843
IDN.32.24.2_1,48
IDN.32.24.3_1,2599
IDN.32.24.4_1,3416
IDN.32.24.5_1,1342
IDN.32.24.6_1,478
IDN.32.24.7_1,441
IDN.32.24.8_1,1111
IDN.32.25.1_1,34685
IDN.32.25.2_1,20729
IDN.32.25.3_1,25912
IDN.32.25.4_1,53426
IDN.32.25.5_1,22169
IDN.32.25.6_1,37187
IDN.32.25.7_1,22916
IDN.32.25.8_1,38508
IDN.32.26.1_1,23537
IDN.32.26.2_1,10528
IDN.32.26.3_1,5169
IDN.32.26.4_1,11797
IDN.32.26.5_1,20015
IDN.32.26.6_1,4043
IDN.32.26.7_1,5745
IDN.32.26.8_1,9511
IDN.32.26.9_1,3975
IDN.32.27.1_1,58540
IDN.32.27.2_1,5693
IDN.32.27.3_1,37636
IDN.32.27.4_1,12782
IDN.32.27.5_1,5701
IDN.32.27.6_1,73852
IDN.32.27.7_1,27065
IDN.32.27.8_1,108996
IDN.32.27.9_1,28026
IDN.32.27.10_1,61548
IDN.32.27.11_1,20792
IDN.32.27.12_1,5312
IDN.32.27.13_1,16815
IDN.32.27.14_1,28048
IDN.32.27.15_1,48073
IDN.32.27.16_1,47097
IDN.32.27.17_1,43983
IDN.32.28.1_1,10262
IDN.32.28.2_1,6158
IDN.32.28.3_1,14189
IDN.32.28.4_1,14234
IDN.32.29.3_1,40969
IDN.32.29.1_1,14614
IDN.32.29.2_1,15407
IDN.32.29.4_1,66979
IDN.32.29.5_1,21003
IDN.32.29.6_1,7435
IDN.32.29.7_1,5389
IDN.32.29.8_1,14544
IDN.32.29.9_1,3387
IDN.32.29.10_1,29462
IDN.32.29.11_1,17804
IDN.32.29.12_1,2290
IDN.32.29.13_1,16554
IDN.32.29.14_1,59158
IDN.32.29.15_1,37547
IDN.32.29.16_1,8585
IDN.32.29.17_1,13945
IDN.32.29.18_1,9638
IDN.32.29.19_1,69055
IDN.32.29.20_1,5184
IDN.32.29.21_1,13679
IDN.32.29.22_1,12831
IDN.32.29.24_1,22434
IDN.32.29.23_1,13214
IDN.32.29.25_1,45450
IDN.32.29.26_1,9690
IDN.32.29.27_1,15900
IDN.32.29.28_1,11178
IDN.32.29.29_1,43770
IDN.32.29.30_1,20182
IDN.32.29.31_1,56506
IDN.32.30.1_1,7579
IDN.32.30.2_1,25545
IDN.32.30.3_1,17867
IDN.32.30.4_1,33070
IDN.32.30.5_1,9495
IDN.32.30.6_1,52015
IDN.32.30.7_1,65293
IDN.32.30.8_1,6110
IDN.32.30.9_1,19564
IDN.32.30.10_1,15090
IDN.32.30.11_1,28253
IDN.32.30.12_1,24643
IDN.32.31.1_1,12297
IDN.32.31.2_1,16168
IDN.32.31.4_1,17714
IDN.32.31.3_1,8142
IDN.32.31.5_1,17232
IDN.32.31.6_1,15372
IDN.32.31.7_1,16333
IDN.32.31.8_1,75974
IDN.32.31.9_1,2834
IDN.32.31.10_1,36812
IDN.32.31.11_1,22549
IDN.32.31.12_1,26610
IDN.32.31.13_1,21188
IDN.32.31.14_1,4520
IDN.32.31.16_1,29598
IDN.32.31.15_1,20327
IDN.32.31.17_1,8830
IDN.32.31.18_1,3818
IDN.32.31.19_1,44697
IDN.32.31.20_1,12463
IDN.32.32.1_1,7937
IDN.32.32.2_1,14475
IDN.32.32.3_1,19592
IDN.32.32.4_1,5847
IDN.32.32.5_1,10273
IDN.32.32.6_1,17736
IDN.32.32.7_1,26922
IDN.32.32.8_1,3989
IDN.32.32.9_1,1705
IDN.32.32.10_1,1363
IDN.32.32.11_1,84221
IDN.32.32.12_1,3531
IDN.32.32.13_1,26344
IDN.32.32.14_1,27314
IDN.32.32.15_1,38709
IDN.32.33.1_1,50327
IDN.32.33.2_1,33906
IDN.32.33.3_1,40738
IDN.32.33.4_1,42868
IDN.32.33.5_1,30986
IDN.32.34.1_1,5864
IDN.32.34.2_1,27630
IDN.32.34.3_1,4970
IDN.32.34.4_1,4904
IDN.32.34.5_1,4747
IDN.32.34.6_1,18802
IDN.32.34.7_1,4382
IDN.32.34.8_1,2082
IDN.32.34.9_1,15116
IDN.32.34.10_1,8255
IDN.32.34.11_1,17539
IDN.32.34.12_1,8246
IDN.32.34.13_1,16253
IDN.32.34.14_1,10754
IDN.32.34.15_1,3780
IDN.32.34.16_1,7740
IDN.33.1.1_1,55834
IDN.33.1.2_1,149231
IDN.33.1.3_1,77608
IDN.33.1.4_1,9000
IDN.33.1.5_1,51338
IDN.33.1.6_1,67415
IDN.33.1.7_1,126672
IDN.33.1.8_1,61660
IDN.33.1.9_1,34682
IDN.33.1.10_1,60814
IDN.33.1.11_1,53926
IDN.33.1.12_1,43704
IDN.33.1.13_1,39380
IDN.33.1.14_1,56066
IDN.33.1.15_1,59450
IDN.33.1.16_1,113267
IDN.33.1.17_1,34045
IDN.33.2.1_1,11213
IDN.33.2.2_1,30131
IDN.33.2.3_1,46987
IDN.33.2.4_1,35315
IDN.33.2.5_1,22098
IDN.33.2.6_1,28334
IDN.33.2.7_1,15726
IDN.33.2.8_1,39133
IDN.33.2.9_1,83075
IDN.33.2.10_1,51922
IDN.33.2.11_1,14074
IDN.33.2.12_1,41957
IDN.33.2.13_1,20332
IDN.33.2.14_1,37010
IDN.33.2.15_1,38058
IDN.33.2.16_1,20381
IDN.33.2.17_1,28355
IDN.33.2.18_1,109043
IDN.33.3.1_1,14330
IDN.33.3.2_1,12099
IDN.33.3.3_1,48967
IDN.33.3.4_1,15094
IDN.33.3.5_1,21531
IDN.33.3.6_1,28606
IDN.33.3.7_1,17275
IDN.33.3.8_1,29959
IDN.33.3.9_1,29215
IDN.33.3.10_1,10028
IDN.33.3.11_1,7845
IDN.33.3.12_1,31894
IDN.33.3.13_1,92513
IDN.33.3.14_1,18334
IDN.33.4.1_1,34349
IDN.33.4.2_1,9228
IDN.33.4.3_1,33946
IDN.33.4.4_1,9827
IDN.33.4.5_1,26103
IDN.33.4.6_1,44696
IDN.33.4.7_1,26236
IDN.33.4.8_1,32499
IDN.33.4.9_1,3157
IDN.33.4.10_1,38429
IDN.33.4.11_1,42434
IDN.33.4.12_1,57707
IDN.33.5.1_1,82539
IDN.33.5.2_1,51238
IDN.33.5.3_1,188044
IDN.33.5.4_1,105566
IDN.33.5.5_1,74857
IDN.33.5.6_1,124533
IDN.33.5.7_1,38196
IDN.33.5.8_1,118955
IDN.33.5.9_1,41152
IDN.33.5.10_1,117353
IDN.33.5.11_1,87799
IDN.33.5.12_1,66862
IDN.33.5.13_1,50362
IDN.33.5.14_1,47182
IDN.33.5.15_1,78533
IDN.33.5.16_1,52736
IDN.33.5.17_1,19566
